Entity,Code,Year,Life expectancy,814480-annotations
Afghanistan,AFG,1950,31.55,
Afghanistan,AFG,1955,32.8,
Afghanistan,AFG,1960,34.61171,
Afghanistan,AFG,1965,36.82049,
Afghanistan,AFG,1970,38.4,
Afghanistan,AFG,1975,39.4,
Afghanistan,AFG,1980,40.5,
Afghanistan,AFG,1985,41.5,
Afghanistan,AFG,1990,45.9672,
Afghanistan,AFG,1995,52.5442,
Afghanistan,AFG,2000,55.2978,
Afghanistan,AFG,2005,58.3608,
Afghanistan,AFG,2010,60.8508,
Afghanistan,AFG,2015,62.6587,
Afghanistan,AFG,2020,62.5751,
Albania,ALB,1870,26.633135,
Albania,ALB,1880,27.295284,
Albania,ALB,1890,28.325294,
Albania,ALB,1900,29.723166,
Albania,ALB,1913,32.01525,
Albania,ALB,1925,33.494015,
Albania,ALB,1929,35.712162,
Albania,ALB,1933,37.04305,
Albania,ALB,1938,38.3,
Albania,ALB,1950,55.25,
Albania,ALB,1955,57.89,
Albania,ALB,1960,60.60488,
Albania,ALB,1965,62.38049,
Albania,ALB,1970,65.36098,
Albania,ALB,1975,67.8439,
Albania,ALB,1980,69.656,
Albania,ALB,1985,71.338,
Albania,ALB,1990,73.1439,
Albania,ALB,1995,74.3616,
Albania,ALB,2000,75.4043,
Albania,ALB,2005,76.6208,
Albania,ALB,2010,77.9359,
Albania,ALB,2015,78.6441,
Albania,ALB,2020,76.9893,
Algeria,DZA,1870,25,
Algeria,DZA,1880,25,
Algeria,DZA,1890,25,
Algeria,DZA,1900,26.581661,
Algeria,DZA,1913,28.8224,
Algeria,DZA,1925,28.8224,
Algeria,DZA,1929,30.698612,
Algeria,DZA,1933,31.2,
Algeria,DZA,1938,33.72,
Algeria,DZA,1950,43.15,
Algeria,DZA,1955,45.75,
Algeria,DZA,1960,47.28439,
Algeria,DZA,1965,50.18439,
Algeria,DZA,1970,53.25512,
Algeria,DZA,1975,56.27561,
Algeria,DZA,1980,59.626,
Algeria,DZA,1985,63.694,
Algeria,DZA,1990,67.416,
Algeria,DZA,1995,67.4544,
Algeria,DZA,2000,70.4779,
Algeria,DZA,2005,72.0612,
Algeria,DZA,2010,73.8081,
Algeria,DZA,2015,75.622,
Algeria,DZA,2020,74.4528,
Angola,AGO,1870,25,
Angola,AGO,1880,25,
Angola,AGO,1890,25,
Angola,AGO,1900,25,
Angola,AGO,1913,25,
Angola,AGO,1925,25,
Angola,AGO,1929,25,
Angola,AGO,1933,25,
Angola,AGO,1938,27,
Angola,AGO,1950,30.05,
Angola,AGO,1955,32.05,
Angola,AGO,1960,33.1839,
Angola,AGO,1965,35.16341,
Angola,AGO,1970,37.19268,
Angola,AGO,1975,39.2122,
Angola,AGO,1980,40.547,
Angola,AGO,1985,41.199,
Angola,AGO,1990,41.8933,
Angola,AGO,1995,45.8491,
Angola,AGO,2000,46.0236,
Angola,AGO,2005,51.5699,
Angola,AGO,2010,56.7258,
Angola,AGO,2015,60.6546,
Angola,AGO,2020,62.2612,
Argentina,ARG,1870,31.832973,
Argentina,ARG,1880,32.9,
Argentina,ARG,1890,36.45,
Argentina,ARG,1900,39,
Argentina,ARG,1913,45.73314,
Argentina,ARG,1925,49.61047,
Argentina,ARG,1929,51.102722,
Argentina,ARG,1933,52.641148,
Argentina,ARG,1938,54.63143,
Argentina,ARG,1950,62.5,
Argentina,ARG,1955,64.4,
Argentina,ARG,1960,65.15952,
Argentina,ARG,1965,65.77268,
Argentina,ARG,1970,66.80927,
Argentina,ARG,1975,68.17756,
Argentina,ARG,1980,69.528,
Argentina,ARG,1985,70.647,
Argentina,ARG,1990,71.7837,
Argentina,ARG,1995,73.1333,
Argentina,ARG,2000,73.926,
Argentina,ARG,2005,75.1388,
Argentina,ARG,2010,75.7208,
Argentina,ARG,2015,76.7602,
Argentina,ARG,2020,75.8921,
Armenia,ARM,1980,70.933,
Armenia,ARM,1985,69.706,
Armenia,ARM,1990,68.8209,
Armenia,ARM,1995,69.3108,
Armenia,ARM,2000,70.6236,
Armenia,ARM,2005,71.7922,
Armenia,ARM,2010,73.1597,
Armenia,ARM,2015,74.4361,
Armenia,ARM,2020,72.173,
Australia,AUS,1870,48.055,
Australia,AUS,1880,49.02,
Australia,AUS,1890,51,
Australia,AUS,1900,54.975,
Australia,AUS,1913,58.985,
Australia,AUS,1925,63.17,
Australia,AUS,1929,63.08,
Australia,AUS,1933,65.43,
Australia,AUS,1938,65.76,
Australia,AUS,1950,69,
Australia,AUS,1955,70.15,
Australia,AUS,1960,70.87,
Australia,AUS,1965,70.8,
Australia,AUS,1970,70.65,
Australia,AUS,1975,72.78,
Australia,AUS,1980,74.57,
Australia,AUS,1985,75.43,
Australia,AUS,1990,77.0443,
Australia,AUS,1995,78.2619,
Australia,AUS,2000,79.6309,
Australia,AUS,2005,81.1126,
Australia,AUS,2010,82.055,
Australia,AUS,2015,82.6552,
Australia,AUS,2020,84.3239,
Austria,AUT,1870,34.4,
Austria,AUT,1880,35,
Austria,AUT,1890,37.3,
Austria,AUT,1900,42,
Austria,AUT,1913,45.1,
Austria,AUT,1925,50.8,
Austria,AUT,1929,56.5,
Austria,AUT,1933,56.5,
Austria,AUT,1938,58.996,
Austria,AUT,1950,64.81,
Austria,AUT,1955,67.55,
Austria,AUT,1960,68.74,
Austria,AUT,1965,69.93,
Austria,AUT,1970,70.09,
Austria,AUT,1975,71.33,
Austria,AUT,1980,72.67,
Austria,AUT,1985,73.99,
Austria,AUT,1990,75.7396,
Austria,AUT,1995,76.7766,
Austria,AUT,2000,78.2358,
Austria,AUT,2005,79.521,
Austria,AUT,2010,80.4643,
Austria,AUT,2015,81.1594,
Austria,AUT,2020,81.5036,
Azerbaijan,AZE,1980,64.917,
Azerbaijan,AZE,1985,65.554,
Azerbaijan,AZE,1990,62.3522,
Azerbaijan,AZE,1995,62.3052,
Azerbaijan,AZE,2000,64.8905,
Azerbaijan,AZE,2005,67.5619,
Azerbaijan,AZE,2010,69.5291,
Azerbaijan,AZE,2015,71.4512,
Azerbaijan,AZE,2020,66.8679,
Bahamas,BHS,1950,59.85,
Bahamas,BHS,1955,62.41,
Bahamas,BHS,1960,63.34927,
Bahamas,BHS,1965,65.03756,
Bahamas,BHS,1970,66.15317,
Bahamas,BHS,1975,66.94098,
Bahamas,BHS,1980,67.712,
Bahamas,BHS,1985,69.209,
Bahamas,BHS,1990,70.1331,
Bahamas,BHS,1995,70.7628,
Bahamas,BHS,2000,72.0411,
Bahamas,BHS,2005,72.7654,
Bahamas,BHS,2010,72.7314,
Bahamas,BHS,2015,73.104,
Bahamas,BHS,2020,72.6766,
Bahrain,BHR,1870,25,
Bahrain,BHR,1880,25,
Bahrain,BHR,1890,25,
Bahrain,BHR,1900,25,
Bahrain,BHR,1913,26,
Bahrain,BHR,1925,26,
Bahrain,BHR,1929,26,
Bahrain,BHR,1933,26,
Bahrain,BHR,1938,26,
Bahrain,BHR,1950,51.05,
Bahrain,BHR,1955,54,
Bahrain,BHR,1960,55.78878,
Bahrain,BHR,1965,58.80439,
Bahrain,BHR,1970,62.1039,
Bahrain,BHR,1975,64.88342,
Bahrain,BHR,1980,67.354,
Bahrain,BHR,1985,69.995,
Bahrain,BHR,1990,72.6677,
Bahrain,BHR,1995,73.7988,
Bahrain,BHR,2000,75.4964,
Bahrain,BHR,2005,76.9306,
Bahrain,BHR,2010,78.748,
Bahrain,BHR,2015,79.4046,
Bahrain,BHR,2020,79.1735,
Bangladesh,BGD,1950,36.6,
Bangladesh,BGD,1955,38.6,
Bangladesh,BGD,1960,39.82976,
Bangladesh,BGD,1965,42.24244,
Bangladesh,BGD,1970,44.24878,
Bangladesh,BGD,1975,46.00244,
Bangladesh,BGD,1980,47.669,
Bangladesh,BGD,1985,50.917,
Bangladesh,BGD,1990,55.9886,
Bangladesh,BGD,1995,59.4673,
Bangladesh,BGD,2000,65.7791,
Bangladesh,BGD,2005,67.2992,
Bangladesh,BGD,2010,68.6384,
Bangladesh,BGD,2015,70.4913,
Bangladesh,BGD,2020,71.9678,
Barbados,BRB,1950,57.22,
Barbados,BRB,1955,62.57,
Barbados,BRB,1960,64.52146,
Barbados,BRB,1965,66.89073,
Barbados,BRB,1970,68.66878,
Barbados,BRB,1975,70.49707,
Barbados,BRB,1980,72.088,
Barbados,BRB,1985,73.564,
Barbados,BRB,1990,72.7516,
Barbados,BRB,1995,73.2983,
Barbados,BRB,2000,74.0891,
Barbados,BRB,2005,74.8901,
Barbados,BRB,2010,75.7115,
Barbados,BRB,2015,76.6502,
Barbados,BRB,2020,77.3929,
Belarus,BLR,1980,71.1,
Belarus,BLR,1985,70.97,
Belarus,BLR,1990,69.9347,
Belarus,BLR,1995,68.7966,
Belarus,BLR,2000,69.1801,
Belarus,BLR,2005,69.4163,
Belarus,BLR,2010,71.1219,
Belarus,BLR,2015,73.9874,
Belarus,BLR,2020,72.5132,
Belgium,BEL,1870,40.9,
Belgium,BEL,1880,42.5,
Belgium,BEL,1890,44.09,
Belgium,BEL,1900,46.7,
Belgium,BEL,1913,52.5,
Belgium,BEL,1925,57.09,
Belgium,BEL,1929,57.905,
Belgium,BEL,1933,58.7,
Belgium,BEL,1938,60.12,
Belgium,BEL,1950,66.3,
Belgium,BEL,1955,68.54,
Belgium,BEL,1960,69.62,
Belgium,BEL,1965,70.55,
Belgium,BEL,1970,70.94,
Belgium,BEL,1975,71.96,
Belgium,BEL,1980,73.24,
Belgium,BEL,1985,74.47,
Belgium,BEL,1990,76.0554,
Belgium,BEL,1995,76.8385,
Belgium,BEL,2000,77.7665,
Belgium,BEL,2005,79.0526,
Belgium,BEL,2010,80.033,
Belgium,BEL,2015,80.8898,
Belgium,BEL,2020,80.7884,
Belize,BLZ,1950,57.67,
Belize,BLZ,1955,60.18,
Belize,BLZ,1960,61.68537,
Belize,BLZ,1965,62.68537,
Belize,BLZ,1970,64.18536,
Belize,BLZ,1975,66.6239,
Belize,BLZ,1980,70.692,
Belize,BLZ,1985,71.836,
Belize,BLZ,1990,70.7437,
Belize,BLZ,1995,69.8874,
Belize,BLZ,2000,68.5645,
Belize,BLZ,2005,69.3757,
Belize,BLZ,2010,72.2716,
Belize,BLZ,2015,73.1866,
Belize,BLZ,2020,72.854,
Benin,BEN,1870,25,
Benin,BEN,1880,25,
Benin,BEN,1890,25,
Benin,BEN,1900,25,
Benin,BEN,1913,28,
Benin,BEN,1925,28,
Benin,BEN,1929,29.673637,
Benin,BEN,1933,29.673637,
Benin,BEN,1938,31,
Benin,BEN,1950,34.05,
Benin,BEN,1955,36.05,
Benin,BEN,1960,38.87122,
Benin,BEN,1965,41.91707,
Benin,BEN,1970,43.98049,
Benin,BEN,1975,46.00976,
Benin,BEN,1980,50.544,
Benin,BEN,1985,51.942,
Benin,BEN,1990,53.2918,
Benin,BEN,1995,55.2947,
Benin,BEN,2000,56.5779,
Benin,BEN,2005,57.1252,
Benin,BEN,2010,58.3627,
Benin,BEN,2015,59.3771,
Benin,BEN,2020,60.088,
Bolivia,BOL,1870,25,
Bolivia,BOL,1880,25,
Bolivia,BOL,1890,25,
Bolivia,BOL,1900,25.079926,
Bolivia,BOL,1913,28.93513,
Bolivia,BOL,1925,32.63768,
Bolivia,BOL,1929,33.884235,
Bolivia,BOL,1933,35.369984,
Bolivia,BOL,1938,37.403683,
Bolivia,BOL,1950,40.4,
Bolivia,BOL,1955,41.9,
Bolivia,BOL,1960,42.82927,
Bolivia,BOL,1965,44.40732,
Bolivia,BOL,1970,46.06634,
Bolivia,BOL,1975,48.72781,
Bolivia,BOL,1980,51.964,
Bolivia,BOL,1985,55.692,
Bolivia,BOL,1990,56.4221,
Bolivia,BOL,1995,59.5337,
Bolivia,BOL,2000,62.3461,
Bolivia,BOL,2005,64.3856,
Bolivia,BOL,2010,66.1624,
Bolivia,BOL,2015,67.3182,
Bolivia,BOL,2020,64.4667,
Botswana,BWA,1870,25,
Botswana,BWA,1880,25,
Botswana,BWA,1890,30.1,
Botswana,BWA,1900,31.3,
Botswana,BWA,1913,32.884396,
Botswana,BWA,1925,32.884396,
Botswana,BWA,1929,31.6,
Botswana,BWA,1933,31.6,
Botswana,BWA,1938,33,
Botswana,BWA,1950,42.5,
Botswana,BWA,1955,45.5,
Botswana,BWA,1960,46.69024,
Botswana,BWA,1965,48.97756,
Botswana,BWA,1970,51.90683,
Botswana,BWA,1975,55.09658,
Botswana,BWA,1980,60.463,
Botswana,BWA,1985,62.77,
Botswana,BWA,1990,60.5327,
Botswana,BWA,1995,55.0594,
Botswana,BWA,2000,51.0109,
Botswana,BWA,2005,52.6104,
Botswana,BWA,2010,60.0133,
Botswana,BWA,2015,63.8183,
Botswana,BWA,2020,65.6471,
Brazil,BRA,1870,27.053026,
Brazil,BRA,1880,27.301102,
Brazil,BRA,1890,27.550608,
Brazil,BRA,1900,29.087942,
Brazil,BRA,1913,30.672033,
Brazil,BRA,1925,32.618362,
Brazil,BRA,1929,33.44306,
Brazil,BRA,1933,34.435112,
Brazil,BRA,1938,35.78001,
Brazil,BRA,1950,51,
Brazil,BRA,1955,53.4,
Brazil,BRA,1960,54.83366,
Brazil,BRA,1965,56.95219,
Brazil,BRA,1970,58.88683,
Brazil,BRA,1975,60.8439,
Brazil,BRA,1980,62.457,
Brazil,BRA,1985,64.361,
Brazil,BRA,1990,65.9848,
Brazil,BRA,1995,67.9191,
Brazil,BRA,2000,69.7367,
Brazil,BRA,2005,71.7533,
Brazil,BRA,2010,73.1821,
Brazil,BRA,2015,74.3325,
Brazil,BRA,2020,74.0089,
Brunei,BRN,1950,60.35,
Brunei,BRN,1955,61.5,
Brunei,BRN,1960,62.38781,
Brunei,BRN,1965,64.18049,
Brunei,BRN,1970,67.00829,
Brunei,BRN,1975,69.17122,
Brunei,BRN,1980,70.628,
Brunei,BRN,1985,72.465,
Brunei,BRN,1990,71.6563,
Brunei,BRN,1995,72.8161,
Brunei,BRN,2000,74.0801,
Brunei,BRN,2005,74.7309,
Brunei,BRN,2010,74.8492,
Brunei,BRN,2015,74.7498,
Brunei,BRN,2020,74.7949,
Bulgaria,BGR,1870,34.64857,
Bulgaria,BGR,1880,35.51,
Bulgaria,BGR,1890,36.85,
Bulgaria,BGR,1900,40.2,
Bulgaria,BGR,1913,43.3,
Bulgaria,BGR,1925,45.3,
Bulgaria,BGR,1929,48.3,
Bulgaria,BGR,1933,50.1,
Bulgaria,BGR,1938,51.8,
Bulgaria,BGR,1950,61.47,
Bulgaria,BGR,1955,64.82,
Bulgaria,BGR,1960,69.17,
Bulgaria,BGR,1965,71.3,
Bulgaria,BGR,1970,71.25,
Bulgaria,BGR,1975,71,
Bulgaria,BGR,1980,71.08,
Bulgaria,BGR,1985,71.05,
Bulgaria,BGR,1990,71.3571,
Bulgaria,BGR,1995,71.0024,
Bulgaria,BGR,2000,71.6091,
Bulgaria,BGR,2005,72.5924,
Bulgaria,BGR,2010,73.8348,
Bulgaria,BGR,2015,74.6325,
Bulgaria,BGR,2020,73.6453,
Burkina Faso,BFA,1870,25,
Burkina Faso,BFA,1880,25,
Burkina Faso,BFA,1890,25,
Burkina Faso,BFA,1900,25,
Burkina Faso,BFA,1913,28.450254,
Burkina Faso,BFA,1925,28.450254,
Burkina Faso,BFA,1929,28.343084,
Burkina Faso,BFA,1933,28.343084,
Burkina Faso,BFA,1938,31,
Burkina Faso,BFA,1950,33.2,
Burkina Faso,BFA,1955,35.2,
Burkina Faso,BFA,1960,36.24781,
Burkina Faso,BFA,1965,37.52537,
Burkina Faso,BFA,1970,39.81659,
Burkina Faso,BFA,1975,42.15659,
Burkina Faso,BFA,1980,44.946,
Burkina Faso,BFA,1985,46.266,
Burkina Faso,BFA,1990,49.4401,
Burkina Faso,BFA,1995,49.4459,
Burkina Faso,BFA,2000,50.8468,
Burkina Faso,BFA,2005,53.0916,
Burkina Faso,BFA,2010,56.4768,
Burkina Faso,BFA,2015,58.8454,
Burkina Faso,BFA,2020,59.7306,
Burundi,BDI,1870,25,
Burundi,BDI,1880,25,
Burundi,BDI,1890,25,
Burundi,BDI,1900,25,
Burundi,BDI,1913,28.839233,
Burundi,BDI,1925,28.839233,
Burundi,BDI,1929,31,
Burundi,BDI,1933,31,
Burundi,BDI,1938,31,
Burundi,BDI,1950,39.05,
Burundi,BDI,1955,40.5,
Burundi,BDI,1960,41.36098,
Burundi,BDI,1965,42.86098,
Burundi,BDI,1970,43.76097,
Burundi,BDI,1975,45.16098,
Burundi,BDI,1980,46.757,
Burundi,BDI,1985,48.152,
Burundi,BDI,1990,44.8599,
Burundi,BDI,1995,44.0593,
Burundi,BDI,2000,47.5142,
Burundi,BDI,2005,53.0231,
Burundi,BDI,2010,57.0809,
Burundi,BDI,2015,60.2172,
Burundi,BDI,2020,61.5663,
Cambodia,KHM,1870,25,
Cambodia,KHM,1880,25,
Cambodia,KHM,1890,25,
Cambodia,KHM,1900,25,
Cambodia,KHM,1913,25,
Cambodia,KHM,1925,25,
Cambodia,KHM,1929,32,
Cambodia,KHM,1933,32,
Cambodia,KHM,1938,35,
Cambodia,KHM,1950,39.45,
Cambodia,KHM,1955,43.75,
Cambodia,KHM,1960,42.59512,
Cambodia,KHM,1965,44.61464,
Cambodia,KHM,1970,42.3561,
Cambodia,KHM,1975,34.85854,
Cambodia,KHM,1980,40.02,
Cambodia,KHM,1985,53.565,
Cambodia,KHM,1990,55.4341,
Cambodia,KHM,1995,56.3076,
Cambodia,KHM,2000,58.6253,
Cambodia,KHM,2005,64.2933,
Cambodia,KHM,2010,67.7123,
Cambodia,KHM,2015,69.8725,
Cambodia,KHM,2020,70.416,
Cameroon,CMR,1870,25,
Cameroon,CMR,1880,25.423676,
Cameroon,CMR,1890,25,
Cameroon,CMR,1900,25.62454,
Cameroon,CMR,1913,27.930145,
Cameroon,CMR,1925,27.930145,
Cameroon,CMR,1929,28.8,
Cameroon,CMR,1933,28.8,
Cameroon,CMR,1938,33.5,
Cameroon,CMR,1950,36,
Cameroon,CMR,1955,38,
Cameroon,CMR,1960,39.46341,
Cameroon,CMR,1965,41.96341,
Cameroon,CMR,1970,44.64341,
Cameroon,CMR,1975,47.38342,
Cameroon,CMR,1980,51.078,
Cameroon,CMR,1985,54.203,
Cameroon,CMR,1990,54.8679,
Cameroon,CMR,1995,53.2218,
Cameroon,CMR,2000,52.9317,
Cameroon,CMR,2005,54.3619,
Cameroon,CMR,2010,56.582,
Cameroon,CMR,2015,59.658,
Cameroon,CMR,2020,60.8328,
Canada,CAN,1870,42.5568,
Canada,CAN,1880,44.72976,
Canada,CAN,1890,45.17416,
Canada,CAN,1900,48.621296,
Canada,CAN,1913,53.110485,
Canada,CAN,1925,59.26,
Canada,CAN,1929,57.94,
Canada,CAN,1933,62.28,
Canada,CAN,1938,63.24,
Canada,CAN,1950,68.21,
Canada,CAN,1955,70,
Canada,CAN,1960,70.98,
Canada,CAN,1965,71.75,
Canada,CAN,1970,72.61,
Canada,CAN,1975,73.45,
Canada,CAN,1980,75.07,
Canada,CAN,1985,76.35,
Canada,CAN,1990,77.4308,
Canada,CAN,1995,78.0194,
Canada,CAN,2000,79.2335,
Canada,CAN,2005,80.1364,
Canada,CAN,2010,81.3469,
Canada,CAN,2015,81.9246,
Canada,CAN,2020,82.0471,
Central African Republic,CAF,1870,25,
Central African Republic,CAF,1880,25,
Central African Republic,CAF,1890,25,
Central African Republic,CAF,1900,25,
Central African Republic,CAF,1913,25,
Central African Republic,CAF,1925,25,
Central African Republic,CAF,1929,25,
Central African Republic,CAF,1933,25,
Central African Republic,CAF,1938,33,
Central African Republic,CAF,1950,35.5,
Central African Republic,CAF,1955,37.5,
Central African Republic,CAF,1960,38.66829,
Central African Republic,CAF,1965,40.68781,
Central African Republic,CAF,1970,42.35707,
Central African Republic,CAF,1975,43.83805,
Central African Republic,CAF,1980,48.421,
Central African Republic,CAF,1985,49.596,
Central African Republic,CAF,1990,49.6347,
Central African Republic,CAF,1995,47.35,
Central African Republic,CAF,2000,45.406,
Central African Republic,CAF,2005,46.4331,
Central African Republic,CAF,2010,49.2549,
Central African Republic,CAF,2015,52.793,
Central African Republic,CAF,2020,54.6042,
Chad,TCD,1870,25,
Chad,TCD,1880,25,
Chad,TCD,1890,25,
Chad,TCD,1900,25,
Chad,TCD,1913,25,
Chad,TCD,1925,25,
Chad,TCD,1929,27.544674,
Chad,TCD,1933,27.544674,
Chad,TCD,1938,30,
Chad,TCD,1950,32.5,
Chad,TCD,1955,34,
Chad,TCD,1960,34.86341,
Chad,TCD,1965,36.39268,
Chad,TCD,1970,38.2122,
Chad,TCD,1975,40.18147,
Chad,TCD,1980,48.262,
Chad,TCD,1985,50.309,
Chad,TCD,1990,44.6856,
Chad,TCD,1995,46.7106,
Chad,TCD,2000,47.443,
Chad,TCD,2005,48.3122,
Chad,TCD,2010,49.5843,
Chad,TCD,2015,51.5888,
Chad,TCD,2020,52.7774,
Chile,CHL,1870,25,
Chile,CHL,1880,25,
Chile,CHL,1890,27.301756,
Chile,CHL,1900,29.211754,
Chile,CHL,1913,31.9,
Chile,CHL,1925,33.29301,
Chile,CHL,1929,35.259857,
Chile,CHL,1933,38.7,
Chile,CHL,1938,39.1,
Chile,CHL,1950,54.8,
Chile,CHL,1955,56.2,
Chile,CHL,1960,58.05,
Chile,CHL,1965,60.64,
Chile,CHL,1970,63.6,
Chile,CHL,1975,67.2,
Chile,CHL,1980,70.7,
Chile,CHL,1985,72.7,
Chile,CHL,1990,72.574,
Chile,CHL,1995,74.6085,
Chile,CHL,2000,76.8695,
Chile,CHL,2005,78.0159,
Chile,CHL,2010,78.5015,
Chile,CHL,2015,79.746,
Chile,CHL,2020,79.3769,
China,CHN,1870,25,
China,CHN,1880,25,
China,CHN,1890,25,
China,CHN,1900,25,
China,CHN,1913,25,
China,CHN,1925,25,
China,CHN,1929,32,
China,CHN,1933,34,
China,CHN,1938,35,
China,CHN,1950,40.8,
China,CHN,1955,44.65,
China,CHN,1960,36.31951,
China,CHN,1965,54.87683,
China,CHN,1970,61.74195,
China,CHN,1975,64.68049,
China,CHN,1980,65.981,
China,CHN,1985,66.89,
China,CHN,1990,68.0052,
China,CHN,1995,70.008,
China,CHN,2000,71.8807,
China,CHN,2005,74.1111,
China,CHN,2010,75.5991,
China,CHN,2015,76.9771,
China,CHN,2020,78.0766,
Colombia,COL,1870,25.332928,
Colombia,COL,1880,26.24658,
Colombia,COL,1890,27.67065,
Colombia,COL,1900,29,
Colombia,COL,1913,30.554567,
Colombia,COL,1925,32.6189,
Colombia,COL,1929,33.496124,
Colombia,COL,1933,34.58544,
Colombia,COL,1938,36.079395,
Colombia,COL,1950,50.6,
Colombia,COL,1955,55.1,
Colombia,COL,1960,56.8078,
Colombia,COL,1965,59.16732,
Colombia,COL,1970,60.90585,
Colombia,COL,1975,62.99902,
Colombia,COL,1980,65.478,
Colombia,COL,1985,67.574,
Colombia,COL,1990,68.644,
Colombia,COL,1995,69.9325,
Colombia,COL,2000,71.3201,
Colombia,COL,2005,73.0814,
Colombia,COL,2010,75.0327,
Colombia,COL,2015,76.2573,
Colombia,COL,2020,74.7692,
Congo,COG,1870,25,
Congo,COG,1880,25,
Congo,COG,1890,25,
Congo,COG,1900,25,
Congo,COG,1913,31.199883,
Congo,COG,1925,31.199883,
Congo,COG,1929,30.139862,
Congo,COG,1933,30.139862,
Congo,COG,1938,32,
Congo,COG,1950,38.7,
Congo,COG,1955,40.7,
Congo,COG,1960,41.83659,
Congo,COG,1965,43.83659,
Congo,COG,1970,45.83659,
Congo,COG,1975,47.83659,
Congo,COG,1980,59.597,
Congo,COG,1985,60.441,
Congo,COG,1990,55.9261,
Congo,COG,1995,53.644,
Congo,COG,2000,53.682,
Congo,COG,2005,58.1255,
Congo,COG,2010,61.6833,
Congo,COG,2015,63.2329,
Congo,COG,2020,63.7852,
Costa Rica,CRI,1913,33.82322,
Costa Rica,CRI,1925,39.07548,
Costa Rica,CRI,1929,41.308563,
Costa Rica,CRI,1933,43.87803,
Costa Rica,CRI,1938,47.255013,
Costa Rica,CRI,1950,57.3,
Costa Rica,CRI,1955,60.2,
Costa Rica,CRI,1960,61.85561,
Costa Rica,CRI,1965,64.59951,
Costa Rica,CRI,1970,67.12244,
Costa Rica,CRI,1975,69.86781,
Costa Rica,CRI,1980,72.563,
Costa Rica,CRI,1985,74.388,
Costa Rica,CRI,1990,76.6301,
Costa Rica,CRI,1995,76.5519,
Costa Rica,CRI,2000,77.5857,
Costa Rica,CRI,2005,78.5053,
Costa Rica,CRI,2010,78.6704,
Costa Rica,CRI,2015,79.0857,
Costa Rica,CRI,2020,79.277,
Cote d'Ivoire,CIV,1870,25,
Cote d'Ivoire,CIV,1880,25,
Cote d'Ivoire,CIV,1890,25,
Cote d'Ivoire,CIV,1900,25,
Cote d'Ivoire,CIV,1913,29.275461,
Cote d'Ivoire,CIV,1925,29.275461,
Cote d'Ivoire,CIV,1929,30.633636,
Cote d'Ivoire,CIV,1933,30.633636,
Cote d'Ivoire,CIV,1938,32,
Cote d'Ivoire,CIV,1950,36,
Cote d'Ivoire,CIV,1955,38,
Cote d'Ivoire,CIV,1960,39.46195,
Cote d'Ivoire,CIV,1965,41.96098,
Cote d'Ivoire,CIV,1970,44.46098,
Cote d'Ivoire,CIV,1975,46.99024,
Cote d'Ivoire,CIV,1980,55.663,
Cote d'Ivoire,CIV,1985,56.716,
Cote d'Ivoire,CIV,1990,52.6026,
Cote d'Ivoire,CIV,1995,51.6104,
Cote d'Ivoire,CIV,2000,50.8423,
Cote d'Ivoire,CIV,2005,51.824,
Cote d'Ivoire,CIV,2010,55.0225,
Cote d'Ivoire,CIV,2015,57.7624,
Cote d'Ivoire,CIV,2020,59.0318,
Croatia,HRV,1980,70.548,
Croatia,HRV,1985,70.899,
Croatia,HRV,1990,72.2502,
Croatia,HRV,1995,73.1864,
Croatia,HRV,2000,74.5836,
Croatia,HRV,2005,75.4083,
Croatia,HRV,2010,76.8049,
Croatia,HRV,2015,77.5599,
Croatia,HRV,2020,77.9845,
Cuba,CUB,1870,28.128284,
Cuba,CUB,1880,29.142756,
Cuba,CUB,1890,30.723963,
Cuba,CUB,1900,32.2,
Cuba,CUB,1913,36.45939,
Cuba,CUB,1925,40.464306,
Cuba,CUB,1929,41.847004,
Cuba,CUB,1933,42.87723,
Cuba,CUB,1938,44.030186,
Cuba,CUB,1950,59.5,
Cuba,CUB,1955,62.4,
Cuba,CUB,1960,64.21464,
Cuba,CUB,1965,67.29073,
Cuba,CUB,1970,70.03024,
Cuba,CUB,1975,72.23902,
Cuba,CUB,1980,73.823,
Cuba,CUB,1985,74.519,
Cuba,CUB,1990,74.0389,
Cuba,CUB,1995,74.6231,
Cuba,CUB,2000,76.1831,
Cuba,CUB,2005,77.0469,
Cuba,CUB,2010,77.661,
Cuba,CUB,2015,77.772,
Cuba,CUB,2020,77.5673,
Cyprus,CYP,1913,47.464,
Cyprus,CYP,1925,48.464,
Cyprus,CYP,1929,48.464,
Cyprus,CYP,1933,48.5,
Cyprus,CYP,1938,48.5,
Cyprus,CYP,1950,67.05,
Cyprus,CYP,1955,68.15,
Cyprus,CYP,1960,68.76537,
Cyprus,CYP,1965,69.86878,
Cyprus,CYP,1970,70.97268,
Cyprus,CYP,1975,72.79025,
Cyprus,CYP,1980,74.436,
Cyprus,CYP,1985,75.609,
Cyprus,CYP,1990,73.5387,
Cyprus,CYP,1995,75.1329,
Cyprus,CYP,2000,76.568,
Cyprus,CYP,2005,78.1008,
Cyprus,CYP,2010,79.665,
Cyprus,CYP,2015,80.9665,
Cyprus,CYP,2020,81.3905,
Czechia,CZE,1870,33.709534,
Czechia,CZE,1880,33.709534,
Czechia,CZE,1890,35,
Czechia,CZE,1900,38.814117,
Czechia,CZE,1913,42.714794,
Czechia,CZE,1925,50.6,
Czechia,CZE,1929,53.55,
Czechia,CZE,1933,53.55,
Czechia,CZE,1938,56.79,
Czechia,CZE,1950,63.23,
Czechia,CZE,1955,69.03375,
Czechia,CZE,1960,70.35333,
Czechia,CZE,1965,69.635,
Czechia,CZE,1970,69.44024,
Czechia,CZE,1975,70.36585,
Czechia,CZE,1980,70.729,
Czechia,CZE,1985,71.058,
Czechia,CZE,1990,71.4087,
Czechia,CZE,1995,73.1775,
Czechia,CZE,2000,74.9787,
Czechia,CZE,2005,76.1585,
Czechia,CZE,2010,77.5703,
Czechia,CZE,2015,78.58,
Czechia,CZE,2020,78.5746,
Democratic Republic of Congo,COD,1870,25.607555,
Democratic Republic of Congo,COD,1880,25,
Democratic Republic of Congo,COD,1890,25,
Democratic Republic of Congo,COD,1900,25,
Democratic Republic of Congo,COD,1913,25,
Democratic Republic of Congo,COD,1925,25,
Democratic Republic of Congo,COD,1929,28.106684,
Democratic Republic of Congo,COD,1933,28.106684,
Democratic Republic of Congo,COD,1938,32,
Democratic Republic of Congo,COD,1950,39.05,
Democratic Republic of Congo,COD,1955,40.5,
Democratic Republic of Congo,COD,1960,41.36098,
Democratic Republic of Congo,COD,1965,43.16098,
Democratic Republic of Congo,COD,1970,45.16098,
Democratic Republic of Congo,COD,1975,47.19024,
Democratic Republic of Congo,COD,1980,46.49,
Democratic Republic of Congo,COD,1985,47.574,
Democratic Republic of Congo,COD,1990,48.6006,
Democratic Republic of Congo,COD,1995,50.411,
Democratic Republic of Congo,COD,2000,51.7812,
Democratic Republic of Congo,COD,2005,53.9267,
Democratic Republic of Congo,COD,2010,56.4167,
Democratic Republic of Congo,COD,2015,58.49,
Democratic Republic of Congo,COD,2020,59.7392,
Denmark,DNK,1870,46,
Denmark,DNK,1880,44.79,
Denmark,DNK,1890,47.27,
Denmark,DNK,1900,51.9,
Denmark,DNK,1913,58.88,
Denmark,DNK,1925,61.91,
Denmark,DNK,1929,61.96,
Denmark,DNK,1933,63.58,
Denmark,DNK,1938,64.99,
Denmark,DNK,1950,70.31,
Denmark,DNK,1955,71.92,
Denmark,DNK,1960,72.2,
Denmark,DNK,1965,72.39,
Denmark,DNK,1970,73.36,
Denmark,DNK,1975,74.1,
Denmark,DNK,1980,74.13,
Denmark,DNK,1985,74.48,
Denmark,DNK,1990,74.8636,
Denmark,DNK,1995,75.2856,
Denmark,DNK,2000,76.8137,
Denmark,DNK,2005,78.2243,
Denmark,DNK,2010,79.2459,
Denmark,DNK,2015,80.738,
Denmark,DNK,2020,81.5449,
Dominican Republic,DOM,1950,46,
Dominican Republic,DOM,1955,50,
Dominican Republic,DOM,1960,52.12439,
Dominican Republic,DOM,1965,55.57122,
Dominican Republic,DOM,1970,58.67756,
Dominican Republic,DOM,1975,61.1161,
Dominican Republic,DOM,1980,62.704,
Dominican Republic,DOM,1985,65.098,
Dominican Republic,DOM,1990,67.1102,
Dominican Republic,DOM,1995,68.9884,
Dominican Republic,DOM,2000,69.4232,
Dominican Republic,DOM,2005,70.8752,
Dominican Republic,DOM,2010,72.0933,
Dominican Republic,DOM,2015,72.9531,
Dominican Republic,DOM,2020,72.8894,
East Asia (AHDI),,1870,25,
East Asia (AHDI),,1880,25,
East Asia (AHDI),,1890,25,
East Asia (AHDI),,1900,25.124338,
East Asia (AHDI),,1913,27.024298,
East Asia (AHDI),,1925,30.271662,
East Asia (AHDI),,1929,31.800175,
East Asia (AHDI),,1933,34.115185,
East Asia (AHDI),,1938,36.770107,
East Asia (AHDI),,1950,42.555653,
East Asia (AHDI),,1955,45.5422,
East Asia (AHDI),,1960,47.45802,
East Asia (AHDI),,1965,50.65528,
East Asia (AHDI),,1970,53.447605,
East Asia (AHDI),,1975,56.151855,
East Asia (AHDI),,1980,59.38802,
East Asia (AHDI),,1985,62.41793,
East Asia (AHDI),,1990,66.012024,
East Asia (AHDI),,1995,67.76652,
East Asia (AHDI),,2000,69.13442,
East Asia (AHDI),,2005,70.41483,
East Asia (AHDI),,2010,71.596954,
East Asia (AHDI),,2015,72.64076,
East Asia (AHDI),,2020,73.00236,
Eastern Europe (AHDI),,1870,31.717054,
Eastern Europe (AHDI),,1880,32.320293,
Eastern Europe (AHDI),,1890,33.36498,
Eastern Europe (AHDI),,1900,37.144653,
Eastern Europe (AHDI),,1913,40.06931,
Eastern Europe (AHDI),,1925,45.41662,
Eastern Europe (AHDI),,1929,47.996838,
Eastern Europe (AHDI),,1933,48.321964,
Eastern Europe (AHDI),,1938,51.90461,
Eastern Europe (AHDI),,1950,61.003387,
Eastern Europe (AHDI),,1955,65.20881,
Eastern Europe (AHDI),,1960,66.91485,
Eastern Europe (AHDI),,1965,68.62643,
Eastern Europe (AHDI),,1970,69.066,
Eastern Europe (AHDI),,1975,70.01092,
Eastern Europe (AHDI),,1980,70.221725,
Eastern Europe (AHDI),,1985,70.51568,
Eastern Europe (AHDI),,1990,70.31561,
Eastern Europe (AHDI),,1995,69.90425,
Eastern Europe (AHDI),,2000,71.20655,
Eastern Europe (AHDI),,2005,71.9318,
Eastern Europe (AHDI),,2010,73.89639,
Eastern Europe (AHDI),,2015,75.502754,
Eastern Europe (AHDI),,2020,75.14032,
Ecuador,ECU,1870,25,
Ecuador,ECU,1880,25,
Ecuador,ECU,1890,25,
Ecuador,ECU,1900,25,
Ecuador,ECU,1913,25,
Ecuador,ECU,1925,27.358171,
Ecuador,ECU,1929,28.720005,
Ecuador,ECU,1933,30.030788,
Ecuador,ECU,1938,31.7015,
Ecuador,ECU,1950,48.4,
Ecuador,ECU,1955,51.4,
Ecuador,ECU,1960,53.37756,
Ecuador,ECU,1965,55.94634,
Ecuador,ECU,1970,58.05366,
Ecuador,ECU,1975,60.40927,
Ecuador,ECU,1980,62.923,
Ecuador,ECU,1985,66.064,
Ecuador,ECU,1990,69.3477,
Ecuador,ECU,1995,71.0408,
Ecuador,ECU,2000,72.8394,
Ecuador,ECU,2005,74.5144,
Ecuador,ECU,2010,75.4301,
Ecuador,ECU,2015,76.7893,
Ecuador,ECU,2020,72.1535,
Egypt,EGY,1870,25,
Egypt,EGY,1880,25,
Egypt,EGY,1890,25,
Egypt,EGY,1900,26.581661,
Egypt,EGY,1913,28.8,
Egypt,EGY,1925,30.2,
Egypt,EGY,1929,30.2,
Egypt,EGY,1933,30.85,
Egypt,EGY,1938,31.6,
Egypt,EGY,1950,42.4,
Egypt,EGY,1955,44.9,
Egypt,EGY,1960,46.37073,
Egypt,EGY,1965,48.78,
Egypt,EGY,1970,51.12878,
Egypt,EGY,1975,53.26976,
Egypt,EGY,1980,56.581,
Egypt,EGY,1985,59.933,
Egypt,EGY,1990,64.1459,
Egypt,EGY,1995,66.312,
Egypt,EGY,2000,68.0074,
Egypt,EGY,2005,68.7786,
Egypt,EGY,2010,69.6638,
Egypt,EGY,2015,70.4831,
Egypt,EGY,2020,70.9905,
El Salvador,SLV,1913,26.796062,
El Salvador,SLV,1925,28.244415,
El Salvador,SLV,1929,28.6083,
El Salvador,SLV,1933,30.786041,
El Salvador,SLV,1938,34.605125,
El Salvador,SLV,1950,45.1,
El Salvador,SLV,1955,49.3,
El Salvador,SLV,1960,50.82341,
El Salvador,SLV,1965,54.4922,
El Salvador,SLV,1970,57.34903,
El Salvador,SLV,1975,57.53415,
El Salvador,SLV,1980,56.339,
El Salvador,SLV,1985,59.61,
El Salvador,SLV,1990,62.5504,
El Salvador,SLV,1995,66.3297,
El Salvador,SLV,2000,69.8647,
El Salvador,SLV,2005,70.4403,
El Salvador,SLV,2010,71.8478,
El Salvador,SLV,2015,71.8143,
El Salvador,SLV,2020,71.0609,
Equatorial Guinea,GNQ,1950,34,
Equatorial Guinea,GNQ,1955,36,
Equatorial Guinea,GNQ,1960,36.86341,
Equatorial Guinea,GNQ,1965,38.39268,
Equatorial Guinea,GNQ,1970,39.91219,
Equatorial Guinea,GNQ,1975,41.41219,
Equatorial Guinea,GNQ,1980,42.814,
Equatorial Guinea,GNQ,1985,44.671,
Equatorial Guinea,GNQ,1990,50.8598,
Equatorial Guinea,GNQ,1995,51.5915,
Equatorial Guinea,GNQ,2000,53.2264,
Equatorial Guinea,GNQ,2005,55.4644,
Equatorial Guinea,GNQ,2010,57.8777,
Equatorial Guinea,GNQ,2015,60.1032,
Equatorial Guinea,GNQ,2020,60.7083,
Eritrea,ERI,1950,35.95,
Eritrea,ERI,1955,38.1,
Eritrea,ERI,1960,39.32341,
Eritrea,ERI,1965,41.39122,
Eritrea,ERI,1970,43.47122,
Eritrea,ERI,1975,44.88293,
Eritrea,ERI,1980,44.049,
Eritrea,ERI,1985,44.823,
Eritrea,ERI,1990,49.7688,
Eritrea,ERI,1995,54.9137,
Eritrea,ERI,2000,56.1105,
Eritrea,ERI,2005,60.5968,
Eritrea,ERI,2010,63.7866,
Eritrea,ERI,2015,66.0333,
Eritrea,ERI,2020,67.1334,
Estonia,EST,1980,69.47,
Estonia,EST,1985,69.78,
Estonia,EST,1990,69.8312,
Estonia,EST,1995,68.7257,
Estonia,EST,2000,71.3298,
Estonia,EST,2005,73.1971,
Estonia,EST,2010,75.7485,
Estonia,EST,2015,77.6563,
Estonia,EST,2020,78.3431,
Eswatini,SWZ,1870,25,
Eswatini,SWZ,1880,25,
Eswatini,SWZ,1890,30.1,
Eswatini,SWZ,1900,31.3,
Eswatini,SWZ,1913,31.3,
Eswatini,SWZ,1925,31.3,
Eswatini,SWZ,1929,32.923588,
Eswatini,SWZ,1933,32.923588,
Eswatini,SWZ,1938,33.4,
Eswatini,SWZ,1950,35.6,
Eswatini,SWZ,1955,38.7,
Eswatini,SWZ,1960,40.39561,
Eswatini,SWZ,1965,43.26146,
Eswatini,SWZ,1970,46.13707,
Eswatini,SWZ,1975,48.91512,
Eswatini,SWZ,1980,54.331,
Eswatini,SWZ,1985,57.776,
Eswatini,SWZ,1990,63.0719,
Eswatini,SWZ,1995,56.1477,
Eswatini,SWZ,2000,47.2561,
Eswatini,SWZ,2005,42.1254,
Eswatini,SWZ,2010,46.6191,
Eswatini,SWZ,2015,55.0192,
Eswatini,SWZ,2020,59.6922,
Ethiopia,ETH,1870,25,
Ethiopia,ETH,1880,25,
Ethiopia,ETH,1890,25,
Ethiopia,ETH,1900,25,
Ethiopia,ETH,1913,25,
Ethiopia,ETH,1925,25,
Ethiopia,ETH,1929,28.628056,
Ethiopia,ETH,1933,28.628056,
Ethiopia,ETH,1938,30,
Ethiopia,ETH,1950,32.9,
Ethiopia,ETH,1955,34.95,
Ethiopia,ETH,1960,36.11219,
Ethiopia,ETH,1965,38.11219,
Ethiopia,ETH,1970,40.14146,
Ethiopia,ETH,1975,41.56097,
Ethiopia,ETH,1980,43.898,
Ethiopia,ETH,1985,44.448,
Ethiopia,ETH,1990,44.5567,
Ethiopia,ETH,1995,48.3016,
Ethiopia,ETH,2000,50.5378,
Ethiopia,ETH,2005,54.0085,
Ethiopia,ETH,2010,59.73,
Ethiopia,ETH,2015,63.6492,
Ethiopia,ETH,2020,65.3705,
Finland,FIN,1870,41.6,
Finland,FIN,1880,39.7,
Finland,FIN,1890,44.61,
Finland,FIN,1900,41.81,
Finland,FIN,1913,49.04,
Finland,FIN,1925,53.36,
Finland,FIN,1929,51.32,
Finland,FIN,1933,55.39,
Finland,FIN,1938,57.2,
Finland,FIN,1950,64.2,
Finland,FIN,1955,67.34,
Finland,FIN,1960,68.99,
Finland,FIN,1965,69.13,
Finland,FIN,1970,70.32,
Finland,FIN,1975,71.84,
Finland,FIN,1980,73.65,
Finland,FIN,1985,74.42,
Finland,FIN,1990,74.9893,
Finland,FIN,1995,76.6039,
Finland,FIN,2000,77.6712,
Finland,FIN,2005,78.9713,
Finland,FIN,2010,80.0117,
Finland,FIN,2015,81.4178,
Finland,FIN,2020,81.8657,
France,FRA,1870,36.52,
France,FRA,1880,42.79,
France,FRA,1890,43.43,
France,FRA,1900,45.1,
France,FRA,1913,51.36,
France,FRA,1925,54.35,
France,FRA,1929,54.24,
France,FRA,1933,57.65,
France,FRA,1938,58.93,
France,FRA,1950,66.38,
France,FRA,1955,68.44,
France,FRA,1960,70.37,
France,FRA,1965,71.11,
France,FRA,1970,72.09,
France,FRA,1975,72.9,
France,FRA,1980,74.23,
France,FRA,1985,75.31,
France,FRA,1990,76.8335,
France,FRA,1995,77.8713,
France,FRA,2000,79.0472,
France,FRA,2005,80.3394,
France,FRA,2010,81.4275,
France,FRA,2015,82.1857,
France,FRA,2020,82.2104,
Gabon,GAB,1870,25,
Gabon,GAB,1880,25,
Gabon,GAB,1890,25,
Gabon,GAB,1900,25,
Gabon,GAB,1913,30.520569,
Gabon,GAB,1925,30.520569,
Gabon,GAB,1929,30.520569,
Gabon,GAB,1933,30.520569,
Gabon,GAB,1938,31,
Gabon,GAB,1950,38.05,
Gabon,GAB,1955,40.05,
Gabon,GAB,1960,40.88659,
Gabon,GAB,1965,42.38122,
Gabon,GAB,1970,44.18585,
Gabon,GAB,1975,46.19512,
Gabon,GAB,1980,54.433,
Gabon,GAB,1985,58.652,
Gabon,GAB,1990,60.3109,
Gabon,GAB,1995,60.704,
Gabon,GAB,2000,61.069,
Gabon,GAB,2005,61.9594,
Gabon,GAB,2010,63.8977,
Gabon,GAB,2015,65.4599,
Gabon,GAB,2020,66.5305,
Gambia,GMB,1870,25,
Gambia,GMB,1880,25,
Gambia,GMB,1890,25,
Gambia,GMB,1900,25,
Gambia,GMB,1913,25,
Gambia,GMB,1925,25,
Gambia,GMB,1929,25,
Gambia,GMB,1933,25,
Gambia,GMB,1938,30,
Gambia,GMB,1950,30.05,
Gambia,GMB,1955,31.55,
Gambia,GMB,1960,32.3839,
Gambia,GMB,1965,34.16341,
Gambia,GMB,1970,36.19268,
Gambia,GMB,1975,38.2122,
Gambia,GMB,1980,46.499,
Gambia,GMB,1985,49.213,
Gambia,GMB,1990,51.3185,
Gambia,GMB,1995,55.464,
Gambia,GMB,2000,56.9421,
Gambia,GMB,2005,58.3935,
Gambia,GMB,2010,60.7166,
Gambia,GMB,2015,62.494,
Gambia,GMB,2020,62.6125,
Georgia,GEO,1980,69.686,
Georgia,GEO,1985,70.04,
Georgia,GEO,1990,68.389,
Georgia,GEO,1995,68.8509,
Georgia,GEO,2000,69.5754,
Georgia,GEO,2005,71.13,
Georgia,GEO,2010,72.1277,
Georgia,GEO,2015,73.2972,
Georgia,GEO,2020,72.7653,
Germany,DEU,1870,37.015,
Germany,DEU,1880,38.71,
Germany,DEU,1890,42.265,
Germany,DEU,1900,46.575,
Germany,DEU,1913,49.045,
Germany,DEU,1925,57.395,
Germany,DEU,1929,59.332306,
Germany,DEU,1933,61.335,
Germany,DEU,1938,62.81657,
Germany,DEU,1950,67.53,
Germany,DEU,1955,68.914,
Germany,DEU,1960,69.243385,
Germany,DEU,1965,70.6345,
Germany,DEU,1970,70.69683,
Germany,DEU,1975,71.53642,
Germany,DEU,1980,73.11724,
Germany,DEU,1985,74.52783,
Germany,DEU,1990,75.3588,
Germany,DEU,1995,76.5619,
Germany,DEU,2000,78.0637,
Germany,DEU,2005,79.2618,
Germany,DEU,2010,80.0864,
Germany,DEU,2015,80.5742,
Germany,DEU,2020,81.1472,
Ghana,GHA,1870,25,
Ghana,GHA,1880,25,
Ghana,GHA,1890,25.687853,
Ghana,GHA,1900,28.18451,
Ghana,GHA,1913,28,
Ghana,GHA,1925,28,
Ghana,GHA,1929,30.9,
Ghana,GHA,1933,32.258514,
Ghana,GHA,1938,32.4,
Ghana,GHA,1950,42,
Ghana,GHA,1955,44,
Ghana,GHA,1960,45.22073,
Ghana,GHA,1965,47.23537,
Ghana,GHA,1970,49.22927,
Ghana,GHA,1975,51.21927,
Ghana,GHA,1980,53.033,
Ghana,GHA,1985,54.493,
Ghana,GHA,1990,55.6196,
Ghana,GHA,1995,56.5652,
Ghana,GHA,2000,58.195,
Ghana,GHA,2005,59.7601,
Ghana,GHA,2010,61.1571,
Ghana,GHA,2015,63.1752,
Ghana,GHA,2020,64.114,
Greece,GRC,1870,36.2,
Greece,GRC,1880,37.1,
Greece,GRC,1890,38.5,
Greece,GRC,1900,40.4,
Greece,GRC,1913,41.2,
Greece,GRC,1925,46.7,
Greece,GRC,1929,49.99,
Greece,GRC,1933,50.5,
Greece,GRC,1938,52.8,
Greece,GRC,1950,65.748,
Greece,GRC,1955,67.156,
Greece,GRC,1960,69.24,
Greece,GRC,1965,72.4,
Greece,GRC,1970,73.8,
Greece,GRC,1975,74.4,
Greece,GRC,1980,75.3,
Greece,GRC,1985,75.9,
Greece,GRC,1990,77.2959,
Greece,GRC,1995,77.8214,
Greece,GRC,2000,78.3771,
Greece,GRC,2005,79.5899,
Greece,GRC,2010,80.5102,
Greece,GRC,2015,80.6676,
Greece,GRC,2020,80.9092,
Guatemala,GTM,1913,25,
Guatemala,GTM,1925,25,
Guatemala,GTM,1929,25,
Guatemala,GTM,1933,25.67418,
Guatemala,GTM,1938,27.43179,
Guatemala,GTM,1950,42,
Guatemala,GTM,1955,44.2,
Guatemala,GTM,1960,45.89268,
Guatemala,GTM,1965,48.88488,
Guatemala,GTM,1970,52.07415,
Guatemala,GTM,1975,55.0439,
Guatemala,GTM,1980,57.204,
Guatemala,GTM,1985,59.571,
Guatemala,GTM,1990,62.4728,
Guatemala,GTM,1995,64.1954,
Guatemala,GTM,2000,67.4459,
Guatemala,GTM,2005,69.1675,
Guatemala,GTM,2010,70.8783,
Guatemala,GTM,2015,72.103,
Guatemala,GTM,2020,71.7969,
Guinea,GIN,1870,25,
Guinea,GIN,1880,25,
Guinea,GIN,1890,25,
Guinea,GIN,1900,27.391846,
Guinea,GIN,1913,27.467264,
Guinea,GIN,1925,27.467264,
Guinea,GIN,1929,26.211731,
Guinea,GIN,1933,26.211731,
Guinea,GIN,1938,27,
Guinea,GIN,1950,31,
Guinea,GIN,1955,32.8,
Guinea,GIN,1960,33.68781,
Guinea,GIN,1965,35.18781,
Guinea,GIN,1970,36.68781,
Guinea,GIN,1975,38.18781,
Guinea,GIN,1980,43.536,
Guinea,GIN,1985,45.777,
Guinea,GIN,1990,47.0044,
Guinea,GIN,1995,49.8658,
Guinea,GIN,2000,52.4794,
Guinea,GIN,2005,54.6316,
Guinea,GIN,2010,56.7197,
Guinea,GIN,2015,58.1336,
Guinea,GIN,2020,59.3273,
Guinea-Bissau,GNB,1870,25,
Guinea-Bissau,GNB,1880,25,
Guinea-Bissau,GNB,1890,25,
Guinea-Bissau,GNB,1900,26.36615,
Guinea-Bissau,GNB,1913,26.482765,
Guinea-Bissau,GNB,1925,26.482765,
Guinea-Bissau,GNB,1929,28.669004,
Guinea-Bissau,GNB,1933,28.669004,
Guinea-Bissau,GNB,1938,28,
Guinea-Bissau,GNB,1950,32.55,
Guinea-Bissau,GNB,1955,33.5,
Guinea-Bissau,GNB,1960,34.06342,
Guinea-Bissau,GNB,1965,35.06342,
Guinea-Bissau,GNB,1970,36.06342,
Guinea-Bissau,GNB,1975,37.09268,
Guinea-Bissau,GNB,1980,40.171,
Guinea-Bissau,GNB,1985,42.456,
Guinea-Bissau,GNB,1990,47.084,
Guinea-Bissau,GNB,1995,48.9516,
Guinea-Bissau,GNB,2000,50.1209,
Guinea-Bissau,GNB,2005,52.2492,
Guinea-Bissau,GNB,2010,56.2295,
Guinea-Bissau,GNB,2015,59.1282,
Guinea-Bissau,GNB,2020,59.9988,
Guyana,GUY,1950,52.31,
Guyana,GUY,1955,54.82,
Guyana,GUY,1960,56.31219,
Guyana,GUY,1965,58.44927,
Guyana,GUY,1970,59.68293,
Guyana,GUY,1975,60.41415,
Guyana,GUY,1980,60.801,
Guyana,GUY,1985,61.362,
Guyana,GUY,1990,62.4149,
Guyana,GUY,1995,63.1358,
Guyana,GUY,2000,64.4833,
Guyana,GUY,2005,65.132,
Guyana,GUY,2010,66.743,
Guyana,GUY,2015,68.2015,
Guyana,GUY,2020,68.4858,
Haiti,HTI,1950,37.6,
Haiti,HTI,1955,40.7,
Haiti,HTI,1960,42.41244,
Haiti,HTI,1965,45.1722,
Haiti,HTI,1970,47.59049,
Haiti,HTI,1975,49.78829,
Haiti,HTI,1980,50.628,
Haiti,HTI,1985,52.452,
Haiti,HTI,1990,52.9753,
Haiti,HTI,1995,55.5471,
Haiti,HTI,2000,58.3652,
Haiti,HTI,2005,60.4153,
Haiti,HTI,2010,46.0185,
Haiti,HTI,2015,63.2372,
Haiti,HTI,2020,64.0518,
Honduras,HND,1913,28.314487,
Honduras,HND,1925,31.570438,
Honduras,HND,1929,33.499573,
Honduras,HND,1933,34.575825,
Honduras,HND,1938,35.55728,
Honduras,HND,1950,41.8,
Honduras,HND,1955,44.6,
Honduras,HND,1960,46.61854,
Honduras,HND,1965,49.76634,
Honduras,HND,1970,52.68805,
Honduras,HND,1975,55.98049,
Honduras,HND,1980,59.435,
Honduras,HND,1985,63.392,
Honduras,HND,1990,65.2428,
Honduras,HND,1995,67.139,
Honduras,HND,2000,68.6618,
Honduras,HND,2005,70.1041,
Honduras,HND,2010,71.0884,
Honduras,HND,2015,72.4871,
Honduras,HND,2020,71.4619,
Hong Kong,HKG,1870,25,
Hong Kong,HKG,1880,25,
Hong Kong,HKG,1890,25,
Hong Kong,HKG,1900,30.747,
Hong Kong,HKG,1913,32.19,
Hong Kong,HKG,1925,42.846,
Hong Kong,HKG,1929,45.4545,
Hong Kong,HKG,1933,46.731,
Hong Kong,HKG,1938,48.174,
Hong Kong,HKG,1950,61.05,
Hong Kong,HKG,1955,64.75,
Hong Kong,HKG,1960,66.04098,
Hong Kong,HKG,1965,67.65171,
Hong Kong,HKG,1970,69.9578,
Hong Kong,HKG,1975,71.54512,
Hong Kong,HKG,1980,74.588,
Hong Kong,HKG,1985,75.817,
Hong Kong,HKG,1990,77.4724,
Hong Kong,HKG,1995,79.1505,
Hong Kong,HKG,2000,80.7461,
Hong Kong,HKG,2005,81.7707,
Hong Kong,HKG,2010,82.993,
Hong Kong,HKG,2015,84.2888,
Hong Kong,HKG,2020,85.1968,
Hungary,HUN,1870,30.714285,
Hungary,HUN,1880,31.25,
Hungary,HUN,1890,33.30357,
Hungary,HUN,1900,37.5,
Hungary,HUN,1913,39.851196,
Hungary,HUN,1925,45.004833,
Hungary,HUN,1929,49.805,
Hungary,HUN,1933,51.089962,
Hungary,HUN,1938,54.449287,
Hungary,HUN,1950,62.14,
Hungary,HUN,1955,66.89,
Hungary,HUN,1960,68.08,
Hungary,HUN,1965,69.15,
Hungary,HUN,1970,69.22,
Hungary,HUN,1975,69.42,
Hungary,HUN,1980,69.09,
Hungary,HUN,1985,68.9,
Hungary,HUN,1990,69.3715,
Hungary,HUN,1995,69.9689,
Hungary,HUN,2000,71.7579,
Hungary,HUN,2005,72.8648,
Hungary,HUN,2010,74.5192,
Hungary,HUN,2015,75.6517,
Hungary,HUN,2020,75.7297,
Iceland,ISL,1950,71.03,
Iceland,ISL,1955,73.29,
Iceland,ISL,1960,74.06,
Iceland,ISL,1965,73.81,
Iceland,ISL,1970,73.79,
Iceland,ISL,1975,75.3,
Iceland,ISL,1980,76.6,
Iceland,ISL,1985,77.51,
Iceland,ISL,1990,78.1628,
Iceland,ISL,1995,78.2237,
Iceland,ISL,2000,79.8915,
Iceland,ISL,2005,81.2416,
Iceland,ISL,2010,81.7003,
Iceland,ISL,2015,82.3508,
Iceland,ISL,2020,82.5755,
India,IND,1870,25,
India,IND,1880,25.4424,
India,IND,1890,25,
India,IND,1900,25,
India,IND,1913,25,
India,IND,1925,27.95,
India,IND,1929,29.3144,
India,IND,1933,30.95,
India,IND,1938,32.5928,
India,IND,1950,41.22,
India,IND,1955,41.22,
India,IND,1960,44.32976,
India,IND,1965,46.99756,
India,IND,1970,49.37073,
India,IND,1975,51.82586,
India,IND,1980,55.107,
India,IND,1985,56.86,
India,IND,1990,58.6516,
India,IND,1995,60.5962,
India,IND,2000,62.6693,
India,IND,2005,64.9955,
India,IND,2010,66.9086,
India,IND,2015,69.6363,
India,IND,2020,70.1499,
Indonesia,IDN,1870,25,
Indonesia,IDN,1880,25,
Indonesia,IDN,1890,25,
Indonesia,IDN,1900,25,
Indonesia,IDN,1913,27.5,
Indonesia,IDN,1925,30,
Indonesia,IDN,1929,30,
Indonesia,IDN,1933,32.5,
Indonesia,IDN,1938,35,
Indonesia,IDN,1950,37.5,
Indonesia,IDN,1955,39.95,
Indonesia,IDN,1960,41.49024,
Indonesia,IDN,1965,44.59707,
Indonesia,IDN,1970,47.92195,
Indonesia,IDN,1975,51.31951,
Indonesia,IDN,1980,54.437,
Indonesia,IDN,1985,58.288,
Indonesia,IDN,1990,63.1807,
Indonesia,IDN,1995,65.2375,
Indonesia,IDN,2000,66.4334,
Indonesia,IDN,2005,67.6492,
Indonesia,IDN,2010,68.6793,
Indonesia,IDN,2015,69.6989,
Indonesia,IDN,2020,68.8077,
Iran,IRN,1870,25,
Iran,IRN,1880,25,
Iran,IRN,1890,25,
Iran,IRN,1900,25,
Iran,IRN,1913,25,
Iran,IRN,1925,25,
Iran,IRN,1929,27.5,
Iran,IRN,1933,30,
Iran,IRN,1938,35,
Iran,IRN,1950,46.1,
Iran,IRN,1955,48.3,
Iran,IRN,1960,47.77219,
Iran,IRN,1965,50.22585,
Iran,IRN,1970,52.79805,
Iran,IRN,1975,55.49756,
Iran,IRN,1980,58.589,
Iran,IRN,1985,61.288,
Iran,IRN,1990,64.3665,
Iran,IRN,1995,67.7846,
Iran,IRN,2000,69.6909,
Iran,IRN,2005,71.8384,
Iran,IRN,2010,73.0691,
Iran,IRN,2015,75.1239,
Iran,IRN,2020,74.832,
Iraq,IRQ,1870,25,
Iraq,IRQ,1880,25,
Iraq,IRQ,1890,25,
Iraq,IRQ,1900,25,
Iraq,IRQ,1913,25,
Iraq,IRQ,1925,25,
Iraq,IRQ,1929,30,
Iraq,IRQ,1933,30,
Iraq,IRQ,1938,35,
Iraq,IRQ,1950,44,
Iraq,IRQ,1955,47,
Iraq,IRQ,1960,48.77805,
Iraq,IRQ,1965,51.77805,
Iraq,IRQ,1970,55.37805,
Iraq,IRQ,1975,59.61805,
Iraq,IRQ,1980,61.001,
Iraq,IRQ,1985,62.214,
Iraq,IRQ,1990,58.4355,
Iraq,IRQ,1995,66.4641,
Iraq,IRQ,2000,66.8171,
Iraq,IRQ,2005,64.8438,
Iraq,IRQ,2010,67.0622,
Iraq,IRQ,2015,69.4403,
Iraq,IRQ,2020,69.1228,
Ireland,IRL,1870,42.3374,
Ireland,IRL,1880,45.350517,
Ireland,IRL,1890,46.887825,
Ireland,IRL,1900,49.45,
Ireland,IRL,1913,53.85,
Ireland,IRL,1925,57.65,
Ireland,IRL,1929,57.962452,
Ireland,IRL,1933,58.59244,
Ireland,IRL,1938,59.22167,
Ireland,IRL,1950,65.57,
Ireland,IRL,1955,68,
Ireland,IRL,1960,70.17,
Ireland,IRL,1965,70.64,
Ireland,IRL,1970,70.83,
Ireland,IRL,1975,71.69,
Ireland,IRL,1980,72.54,
Ireland,IRL,1985,73.56,
Ireland,IRL,1990,74.8418,
Ireland,IRL,1995,75.4783,
Ireland,IRL,2000,76.5423,
Ireland,IRL,2005,78.9162,
Ireland,IRL,2010,80.5226,
Ireland,IRL,2015,81.4163,
Ireland,IRL,2020,82.4699,
Israel,ISR,1950,68.87,
Israel,ISR,1955,70.042,
Israel,ISR,1960,70.975,
Israel,ISR,1965,71.771,
Israel,ISR,1970,72.57,
Israel,ISR,1975,72.1,
Israel,ISR,1980,73.9,
Israel,ISR,1985,75.45,
Israel,ISR,1990,77.1942,
Israel,ISR,1995,77.6352,
Israel,ISR,2000,78.9276,
Israel,ISR,2005,80.2171,
Israel,ISR,2010,81.7443,
Israel,ISR,2015,82.0999,
Israel,ISR,2020,82.3598,
Italy,ITA,1870,33.1,
Italy,ITA,1880,32.82,
Italy,ITA,1890,38.58,
Italy,ITA,1900,41.85,
Italy,ITA,1913,48.49,
Italy,ITA,1925,51.28,
Italy,ITA,1929,52.27,
Italy,ITA,1933,56.25,
Italy,ITA,1938,56.15,
Italy,ITA,1950,65.72,
Italy,ITA,1955,68.25,
Italy,ITA,1960,69.21,
Italy,ITA,1965,70.26,
Italy,ITA,1970,71.63,
Italy,ITA,1975,72.73,
Italy,ITA,1980,74.05,
Italy,ITA,1985,75.6,
Italy,ITA,1990,76.9909,
Italy,ITA,1995,78.1161,
Italy,ITA,2000,79.6072,
Italy,ITA,2005,81.023,
Italy,ITA,2010,82.1371,
Italy,ITA,2015,82.5255,
Italy,ITA,2020,82.3953,
Jamaica,JAM,1870,33.009483,
Jamaica,JAM,1880,34.2,
Jamaica,JAM,1890,36.4,
Jamaica,JAM,1900,37.8,
Jamaica,JAM,1913,37.5,
Jamaica,JAM,1925,38.9,
Jamaica,JAM,1929,43,
Jamaica,JAM,1933,41.6,
Jamaica,JAM,1938,45.9,
Jamaica,JAM,1950,56.889,
Jamaica,JAM,1955,59.225,
Jamaica,JAM,1960,64.37415,
Jamaica,JAM,1965,66.69512,
Jamaica,JAM,1970,68.35756,
Jamaica,JAM,1975,69.61854,
Jamaica,JAM,1980,70.381,
Jamaica,JAM,1985,70.784,
Jamaica,JAM,1990,72.3041,
Jamaica,JAM,1995,71.5487,
Jamaica,JAM,2000,70.9442,
Jamaica,JAM,2005,71.0438,
Jamaica,JAM,2010,72.6219,
Jamaica,JAM,2015,72.394,
Jamaica,JAM,2020,71.8686,
Japan,JPN,1870,36.6,
Japan,JPN,1880,37.42,
Japan,JPN,1890,37.67568,
Japan,JPN,1900,38.6,
Japan,JPN,1913,40.43652,
Japan,JPN,1925,42.63,
Japan,JPN,1929,45.68,
Japan,JPN,1933,46.9775,
Japan,JPN,1938,48.275,
Japan,JPN,1950,59.24,
Japan,JPN,1955,65.7,
Japan,JPN,1960,67.7,
Japan,JPN,1965,70.24,
Japan,JPN,1970,72,
Japan,JPN,1975,74.36,
Japan,JPN,1980,76.14,
Japan,JPN,1985,77.8,
Japan,JPN,1990,78.9838,
Japan,JPN,1995,79.6702,
Japan,JPN,2000,81.1759,
Japan,JPN,2005,82.012,
Japan,JPN,2010,82.9193,
Japan,JPN,2015,83.8928,
Japan,JPN,2020,84.6879,
Jordan,JOR,1870,25,
Jordan,JOR,1880,25,
Jordan,JOR,1890,25,
Jordan,JOR,1900,25,
Jordan,JOR,1913,25,
Jordan,JOR,1925,25,
Jordan,JOR,1929,28.206522,
Jordan,JOR,1933,28.206522,
Jordan,JOR,1938,37.608696,
Jordan,JOR,1950,43.25,
Jordan,JOR,1955,52.3,
Jordan,JOR,1960,52.3,
Jordan,JOR,1965,51.7,
Jordan,JOR,1970,56.6,
Jordan,JOR,1975,61.2,
Jordan,JOR,1980,62.627,
Jordan,JOR,1985,64.847,
Jordan,JOR,1990,69.8538,
Jordan,JOR,1995,70.8699,
Jordan,JOR,2000,71.9178,
Jordan,JOR,2005,72.9321,
Jordan,JOR,2010,73.9996,
Jordan,JOR,2015,75.0112,
Jordan,JOR,2020,75.1843,
Kazakhstan,KAZ,1980,64.961,
Kazakhstan,KAZ,1985,66.87,
Kazakhstan,KAZ,1990,64.8758,
Kazakhstan,KAZ,1995,63.7216,
Kazakhstan,KAZ,2000,64.1781,
Kazakhstan,KAZ,2005,65.117,
Kazakhstan,KAZ,2010,68.1157,
Kazakhstan,KAZ,2015,70.7265,
Kazakhstan,KAZ,2020,70.0304,
Kenya,KEN,1870,25,
Kenya,KEN,1880,25,
Kenya,KEN,1890,25,
Kenya,KEN,1900,25,
Kenya,KEN,1913,25,
Kenya,KEN,1925,25,
Kenya,KEN,1929,25,
Kenya,KEN,1933,25,
Kenya,KEN,1938,27.000542,
Kenya,KEN,1950,41,
Kenya,KEN,1955,43.45,
Kenya,KEN,1960,44.95122,
Kenya,KEN,1965,47.45122,
Kenya,KEN,1970,49.95122,
Kenya,KEN,1975,52.45122,
Kenya,KEN,1980,57.689,
Kenya,KEN,1985,59.354,
Kenya,KEN,1990,58.6145,
Kenya,KEN,1995,55.617,
Kenya,KEN,2000,54.4112,
Kenya,KEN,2005,57.344,
Kenya,KEN,2010,60.649,
Kenya,KEN,2015,61.8922,
Kenya,KEN,2020,62.6755,
Kuwait,KWT,1870,25,
Kuwait,KWT,1880,25,
Kuwait,KWT,1890,25,
Kuwait,KWT,1900,25,
Kuwait,KWT,1913,26,
Kuwait,KWT,1925,26,
Kuwait,KWT,1929,26,
Kuwait,KWT,1933,26,
Kuwait,KWT,1938,26,
Kuwait,KWT,1950,55.8,
Kuwait,KWT,1955,58.3,
Kuwait,KWT,1960,59.75854,
Kuwait,KWT,1965,62.94488,
Kuwait,KWT,1970,66.11171,
Kuwait,KWT,1975,68.62975,
Kuwait,KWT,1980,70.254,
Kuwait,KWT,1985,72.82,
Kuwait,KWT,1990,73.2805,
Kuwait,KWT,1995,75.5368,
Kuwait,KWT,2000,76.722,
Kuwait,KWT,2005,76.9027,
Kuwait,KWT,2010,77.9817,
Kuwait,KWT,2015,79.5624,
Kuwait,KWT,2020,76.9198,
Kyrgyzstan,KGZ,1980,63.085,
Kyrgyzstan,KGZ,1985,65.104,
Kyrgyzstan,KGZ,1990,64.2722,
Kyrgyzstan,KGZ,1995,63.927,
Kyrgyzstan,KGZ,2000,65.3982,
Kyrgyzstan,KGZ,2005,66.3854,
Kyrgyzstan,KGZ,2010,68.254,
Kyrgyzstan,KGZ,2015,69.9963,
Kyrgyzstan,KGZ,2020,69.6291,
Laos,LAO,1870,25,
Laos,LAO,1880,25,
Laos,LAO,1890,25,
Laos,LAO,1900,25,
Laos,LAO,1913,25,
Laos,LAO,1925,25,
Laos,LAO,1929,25,
Laos,LAO,1933,28.76923,
Laos,LAO,1938,34,
Laos,LAO,1950,37.85,
Laos,LAO,1955,40.45,
Laos,LAO,1960,40.41707,
Laos,LAO,1965,40.41707,
Laos,LAO,1970,40.41707,
Laos,LAO,1975,42.27561,
Laos,LAO,1980,48.759,
Laos,LAO,1985,50.952,
Laos,LAO,1990,53.7128,
Laos,LAO,1995,56.3851,
Laos,LAO,2000,58.3779,
Laos,LAO,2005,60.9802,
Laos,LAO,2010,63.9731,
Laos,LAO,2015,66.67,
Laos,LAO,2020,68.4968,
Latin America (AHDI),,1870,26.411604,
Latin America (AHDI),,1880,26.858591,
Latin America (AHDI),,1890,27.67422,
Latin America (AHDI),,1900,28.940561,
Latin America (AHDI),,1913,32.00251,
Latin America (AHDI),,1925,35.105907,
Latin America (AHDI),,1929,36.027508,
Latin America (AHDI),,1933,37.320415,
Latin America (AHDI),,1938,39.04138,
Latin America (AHDI),,1950,51.88736,
Latin America (AHDI),,1955,54.761436,
Latin America (AHDI),,1960,56.277367,
Latin America (AHDI),,1965,58.41454,
Latin America (AHDI),,1970,60.436764,
Latin America (AHDI),,1975,62.579758,
Latin America (AHDI),,1980,64.43096,
Latin America (AHDI),,1985,66.387115,
Latin America (AHDI),,1990,67.78946,
Latin America (AHDI),,1995,69.49008,
Latin America (AHDI),,2000,71.19812,
Latin America (AHDI),,2005,72.68346,
Latin America (AHDI),,2010,73.35317,
Latin America (AHDI),,2015,74.58366,
Latin America (AHDI),,2020,72.99582,
Latvia,LVA,1980,69.12,
Latvia,LVA,1985,69.6,
Latvia,LVA,1990,69.1956,
Latvia,LVA,1995,67.015,
Latvia,LVA,2000,70.2517,
Latvia,LVA,2005,70.7781,
Latvia,LVA,2010,72.9538,
Latvia,LVA,2015,74.6854,
Latvia,LVA,2020,75.4526,
Lebanon,LBN,1870,30.234154,
Lebanon,LBN,1880,30.985832,
Lebanon,LBN,1890,32.15511,
Lebanon,LBN,1900,33.741985,
Lebanon,LBN,1913,34.41014,
Lebanon,LBN,1925,39.724792,
Lebanon,LBN,1929,41.75153,
Lebanon,LBN,1933,43.780357,
Lebanon,LBN,1938,48.69202,
Lebanon,LBN,1950,56,
Lebanon,LBN,1955,58.55,
Lebanon,LBN,1960,59.82586,
Lebanon,LBN,1965,62.02488,
Lebanon,LBN,1970,64.16341,
Lebanon,LBN,1975,65.00244,
Lebanon,LBN,1980,66.522,
Lebanon,LBN,1985,67.418,
Lebanon,LBN,1990,64.4747,
Lebanon,LBN,1995,72.0432,
Lebanon,LBN,2000,73.9309,
Lebanon,LBN,2005,76.2726,
Lebanon,LBN,2010,78.1559,
Lebanon,LBN,2015,79.2294,
Lebanon,LBN,2020,77.8038,
Lesotho,LSO,1870,25,
Lesotho,LSO,1880,25,
Lesotho,LSO,1890,30.1,
Lesotho,LSO,1900,31.3,
Lesotho,LSO,1913,31.3,
Lesotho,LSO,1925,31.3,
Lesotho,LSO,1929,31.6,
Lesotho,LSO,1933,31.6,
Lesotho,LSO,1938,35,
Lesotho,LSO,1950,38.5,
Lesotho,LSO,1955,41,
Lesotho,LSO,1960,43.23903,
Lesotho,LSO,1965,46.09268,
Lesotho,LSO,1970,48.54878,
Lesotho,LSO,1975,50.80488,
Lesotho,LSO,1980,53.785,
Lesotho,LSO,1985,56.287,
Lesotho,LSO,1990,59.3983,
Lesotho,LSO,1995,56.7232,
Lesotho,LSO,2000,48.4266,
Lesotho,LSO,2005,43.2325,
Lesotho,LSO,2010,45.5955,
Lesotho,LSO,2015,51.1014,
Lesotho,LSO,2020,54.6933,
Liberia,LBR,1870,25,
Liberia,LBR,1880,25,
Liberia,LBR,1890,25,
Liberia,LBR,1900,25,
Liberia,LBR,1913,27.409903,
Liberia,LBR,1925,27.409903,
Liberia,LBR,1929,30.220798,
Liberia,LBR,1933,30.220798,
Liberia,LBR,1938,34.5,
Liberia,LBR,1950,37.45,
Liberia,LBR,1955,40,
Liberia,LBR,1960,41.46341,
Liberia,LBR,1965,43.96341,
Liberia,LBR,1970,46.46341,
Liberia,LBR,1975,48.66341,
Liberia,LBR,1980,47.585,
Liberia,LBR,1985,47.347,
Liberia,LBR,1990,36.6883,
Liberia,LBR,1995,43.9166,
Liberia,LBR,2000,51.356,
Liberia,LBR,2005,56.9117,
Liberia,LBR,2010,59.4331,
Liberia,LBR,2015,59.1485,
Liberia,LBR,2020,60.9476,
Libya,LBY,1870,25,
Libya,LBY,1880,25,
Libya,LBY,1890,25,
Libya,LBY,1900,26.581661,
Libya,LBY,1913,28.8,
Libya,LBY,1925,28.8,
Libya,LBY,1929,30.2,
Libya,LBY,1933,30.85,
Libya,LBY,1938,31.6,
Libya,LBY,1950,42.9,
Libya,LBY,1955,45.45,
Libya,LBY,1960,46.92049,
Libya,LBY,1965,49.38732,
Libya,LBY,1970,51.89366,
Libya,LBY,1975,55.73073,
Libya,LBY,1980,59.829,
Libya,LBY,1985,64.443,
Libya,LBY,1990,69.4231,
Libya,LBY,1995,71.0895,
Libya,LBY,2000,70.6804,
Libya,LBY,2005,71.5917,
Libya,LBY,2010,72.3741,
Libya,LBY,2015,71.6982,
Libya,LBY,2020,72.4722,
Lithuania,LTU,1980,70.7,
Lithuania,LTU,1985,70.74,
Lithuania,LTU,1990,71.0085,
Lithuania,LTU,1995,69.3271,
Lithuania,LTU,2000,72.0888,
Lithuania,LTU,2005,71.7418,
Lithuania,LTU,2010,73.4236,
Lithuania,LTU,2015,74.6103,
Lithuania,LTU,2020,75.0676,
Madagascar,MDG,1870,25,
Madagascar,MDG,1880,25,
Madagascar,MDG,1890,25,
Madagascar,MDG,1900,28.385342,
Madagascar,MDG,1913,29.698515,
Madagascar,MDG,1925,31.2,
Madagascar,MDG,1929,33.097584,
Madagascar,MDG,1933,33.097584,
Madagascar,MDG,1938,33.5,
Madagascar,MDG,1950,37.75,
Madagascar,MDG,1955,39.75,
Madagascar,MDG,1960,40.92537,
Madagascar,MDG,1965,42.89512,
Madagascar,MDG,1970,45.3639,
Madagascar,MDG,1975,48.26342,
Madagascar,MDG,1980,48.134,
Madagascar,MDG,1985,49.206,
Madagascar,MDG,1990,51.7009,
Madagascar,MDG,1995,54.9612,
Madagascar,MDG,2000,57.9382,
Madagascar,MDG,2005,60.5697,
Madagascar,MDG,2010,62.8729,
Madagascar,MDG,2015,64.339,
Madagascar,MDG,2020,65.182,
Malawi,MWI,1870,25,
Malawi,MWI,1880,25,
Malawi,MWI,1890,25,
Malawi,MWI,1900,25,
Malawi,MWI,1913,25,
Malawi,MWI,1925,26.666573,
Malawi,MWI,1929,27.210337,
Malawi,MWI,1933,30.288567,
Malawi,MWI,1938,33.5,
Malawi,MWI,1950,36.25,
Malawi,MWI,1955,37.15,
Malawi,MWI,1960,37.9161,
Malawi,MWI,1965,39.09415,
Malawi,MWI,1970,40.40342,
Malawi,MWI,1975,42.18293,
Malawi,MWI,1980,44.812,
Malawi,MWI,1985,46.605,
Malawi,MWI,1990,43.3227,
Malawi,MWI,1995,43.6414,
Malawi,MWI,2000,44.5181,
Malawi,MWI,2005,52.0445,
Malawi,MWI,2010,56.3806,
Malawi,MWI,2015,61.3781,
Malawi,MWI,2020,63.7167,
Malaysia,MYS,1870,25,
Malaysia,MYS,1880,25,
Malaysia,MYS,1890,25,
Malaysia,MYS,1900,25,
Malaysia,MYS,1913,25,
Malaysia,MYS,1925,25,
Malaysia,MYS,1929,27.792135,
Malaysia,MYS,1933,31.310127,
Malaysia,MYS,1938,33.201344,
Malaysia,MYS,1950,48.5,
Malaysia,MYS,1955,52.15,
Malaysia,MYS,1960,54.30146,
Malaysia,MYS,1965,57.92097,
Malaysia,MYS,1970,61.55024,
Malaysia,MYS,1975,64.35756,
Malaysia,MYS,1980,66.691,
Malaysia,MYS,1985,68.867,
Malaysia,MYS,1990,71.3071,
Malaysia,MYS,1995,72.3838,
Malaysia,MYS,2000,72.7755,
Malaysia,MYS,2005,74.0959,
Malaysia,MYS,2010,74.4423,
Malaysia,MYS,2015,75.0942,
Malaysia,MYS,2020,75.9378,
Mali,MLI,1870,25,
Mali,MLI,1880,25,
Mali,MLI,1890,25,
Mali,MLI,1900,25,
Mali,MLI,1913,25,
Mali,MLI,1925,25,
Mali,MLI,1929,26.221512,
Mali,MLI,1933,29.9,
Mali,MLI,1938,32.5,
Mali,MLI,1950,32.55,
Mali,MLI,1955,34,
Mali,MLI,1960,36.59561,
Mali,MLI,1965,36.45219,
Mali,MLI,1970,37.86341,
Mali,MLI,1975,39.58781,
Mali,MLI,1980,40.029,
Mali,MLI,1985,41.597,
Mali,MLI,1990,46.6204,
Mali,MLI,1995,47.8157,
Mali,MLI,2000,50.5393,
Mali,MLI,2005,54.0029,
Mali,MLI,2010,56.3817,
Mali,MLI,2015,58.3632,
Mali,MLI,2020,58.6331,
Malta,MLT,1950,65.95,
Malta,MLT,1955,67.8075,
Malta,MLT,1960,68.55415,
Malta,MLT,1965,69.18293,
Malta,MLT,1970,70.11951,
Malta,MLT,1975,71.49756,
Malta,MLT,1980,72.859,
Malta,MLT,1985,74.305,
Malta,MLT,1990,75.9846,
Malta,MLT,1995,77.0909,
Malta,MLT,2000,77.58,
Malta,MLT,2005,79.6465,
Malta,MLT,2010,81.8134,
Malta,MLT,2015,82.9621,
Malta,MLT,2020,83.3545,
Mauritania,MRT,1870,25,
Mauritania,MRT,1880,25,
Mauritania,MRT,1890,25,
Mauritania,MRT,1900,25,
Mauritania,MRT,1913,25,
Mauritania,MRT,1925,25,
Mauritania,MRT,1929,26.221512,
Mauritania,MRT,1933,29.9,
Mauritania,MRT,1938,33.5,
Mauritania,MRT,1950,35.55,
Mauritania,MRT,1955,37.55,
Mauritania,MRT,1960,38.68293,
Mauritania,MRT,1965,40.63268,
Mauritania,MRT,1970,42.64146,
Mauritania,MRT,1975,44.66098,
Mauritania,MRT,1980,52.676,
Mauritania,MRT,1985,54.702,
Mauritania,MRT,1990,59.7696,
Mauritania,MRT,1995,60.259,
Mauritania,MRT,2000,61.0282,
Mauritania,MRT,2005,61.656,
Mauritania,MRT,2010,63.1049,
Mauritania,MRT,2015,64.4847,
Mauritania,MRT,2020,64.5321,
Mauritius,MUS,1870,25,
Mauritius,MUS,1880,25,
Mauritius,MUS,1890,25,
Mauritius,MUS,1900,28.385342,
Mauritius,MUS,1913,29.698515,
Mauritius,MUS,1925,31.2,
Mauritius,MUS,1929,33.097584,
Mauritius,MUS,1933,33.8736,
Mauritius,MUS,1938,36.1688,
Mauritius,MUS,1950,51,
Mauritius,MUS,1955,58.15,
Mauritius,MUS,1960,59.39756,
Mauritius,MUS,1965,61.03659,
Mauritius,MUS,1970,62.38781,
Mauritius,MUS,1975,64.13951,
Mauritius,MUS,1980,65.819,
Mauritius,MUS,1985,67.796,
Mauritius,MUS,1990,69.3874,
Mauritius,MUS,1995,70.5263,
Mauritius,MUS,2000,71.6366,
Mauritius,MUS,2005,72.6748,
Mauritius,MUS,2010,73.9987,
Mauritius,MUS,2015,74.9754,
Mauritius,MUS,2020,74.3306,
Mexico,MEX,1870,25,
Mexico,MEX,1880,25,
Mexico,MEX,1890,25,
Mexico,MEX,1900,25.049444,
Mexico,MEX,1913,29.065895,
Mexico,MEX,1925,33.946243,
Mexico,MEX,1929,33.598377,
Mexico,MEX,1933,34.895977,
Mexico,MEX,1938,37.330845,
Mexico,MEX,1950,50.7,
Mexico,MEX,1955,55.3,
Mexico,MEX,1960,57.34024,
Mexico,MEX,1965,59.63683,
Mexico,MEX,1970,61.7039,
Mexico,MEX,1975,64.2478,
Mexico,MEX,1980,66.56,
Mexico,MEX,1985,68.791,
Mexico,MEX,1990,69.9707,
Mexico,MEX,1995,71.6457,
Mexico,MEX,2000,73.5692,
Mexico,MEX,2005,74.3765,
Mexico,MEX,2010,74.1901,
Mexico,MEX,2015,74.6822,
Mexico,MEX,2020,70.1328,
Middle East (AHDI),,1870,25.612665,
Middle East (AHDI),,1880,25.893148,
Middle East (AHDI),,1890,26.335125,
Middle East (AHDI),,1900,26.945425,
Middle East (AHDI),,1913,27.335873,
Middle East (AHDI),,1925,28.124014,
Middle East (AHDI),,1929,30.533318,
Middle East (AHDI),,1933,31.61099,
Middle East (AHDI),,1938,34.95945,
Middle East (AHDI),,1950,45.780403,
Middle East (AHDI),,1955,47.549427,
Middle East (AHDI),,1960,49.00846,
Middle East (AHDI),,1965,51.9066,
Middle East (AHDI),,1970,54.877033,
Middle East (AHDI),,1975,57.85211,
Middle East (AHDI),,1980,60.045162,
Middle East (AHDI),,1985,62.403053,
Middle East (AHDI),,1990,65.89154,
Middle East (AHDI),,1995,68.70718,
Middle East (AHDI),,2000,70.34674,
Middle East (AHDI),,2005,71.90244,
Middle East (AHDI),,2010,73.44659,
Middle East (AHDI),,2015,74.2263,
Middle East (AHDI),,2020,74.000275,
Moldova,MDA,1980,64.618,
Moldova,MDA,1985,66.052,
Moldova,MDA,1990,68.0673,
Moldova,MDA,1995,65.0985,
Moldova,MDA,2000,66.4168,
Moldova,MDA,2005,68.1689,
Moldova,MDA,2010,69.3569,
Moldova,MDA,2015,69.2396,
Moldova,MDA,2020,70.1665,
Mongolia,MNG,1950,42.25,
Mongolia,MNG,1955,45.25,
Mongolia,MNG,1960,47.01951,
Mongolia,MNG,1965,50.01951,
Mongolia,MNG,1970,52.71951,
Mongolia,MNG,1975,55.21951,
Mongolia,MNG,1980,56.424,
Mongolia,MNG,1985,58.928,
Mongolia,MNG,1990,58.7649,
Mongolia,MNG,1995,60.6125,
Mongolia,MNG,2000,62.8821,
Mongolia,MNG,2005,64.8787,
Mongolia,MNG,2010,67.1822,
Mongolia,MNG,2015,69.4977,
Mongolia,MNG,2020,72.141,
Morocco,MAR,1870,25,
Morocco,MAR,1880,25,
Morocco,MAR,1890,25,
Morocco,MAR,1900,26.581661,
Morocco,MAR,1913,28.8,
Morocco,MAR,1925,28.8,
Morocco,MAR,1929,30.698612,
Morocco,MAR,1933,31.2,
Morocco,MAR,1938,31.585241,
Morocco,MAR,1950,42.9,
Morocco,MAR,1955,45.45,
Morocco,MAR,1960,46.92049,
Morocco,MAR,1965,49.38732,
Morocco,MAR,1970,51.89366,
Morocco,MAR,1975,54.62,
Morocco,MAR,1980,57.678,
Morocco,MAR,1985,61.254,
Morocco,MAR,1990,62.4478,
Morocco,MAR,1995,64.7358,
Morocco,MAR,2000,66.7869,
Morocco,MAR,2005,68.7039,
Morocco,MAR,2010,70.8288,
Morocco,MAR,2015,72.9197,
Morocco,MAR,2020,73.9199,
Mozambique,MOZ,1870,25,
Mozambique,MOZ,1880,25,
Mozambique,MOZ,1890,25,
Mozambique,MOZ,1900,25,
Mozambique,MOZ,1913,25,
Mozambique,MOZ,1925,26.666573,
Mozambique,MOZ,1929,27.210337,
Mozambique,MOZ,1933,30.288567,
Mozambique,MOZ,1938,34.210724,
Mozambique,MOZ,1950,33.5,
Mozambique,MOZ,1955,36,
Mozambique,MOZ,1960,37.49268,
Mozambique,MOZ,1965,39.98146,
Mozambique,MOZ,1970,41.86098,
Mozambique,MOZ,1975,43.06097,
Mozambique,MOZ,1980,42.804,
Mozambique,MOZ,1985,42.735,
Mozambique,MOZ,1990,44.469,
Mozambique,MOZ,1995,46.04,
Mozambique,MOZ,2000,49.4912,
Mozambique,MOZ,2005,51.561,
Mozambique,MOZ,2010,54.1984,
Mozambique,MOZ,2015,58.1509,
Mozambique,MOZ,2020,61.1722,
Myanmar,MMR,1870,25,
Myanmar,MMR,1880,25,
Myanmar,MMR,1890,25,
Myanmar,MMR,1900,25,
Myanmar,MMR,1913,27.5,
Myanmar,MMR,1925,30.8,
Myanmar,MMR,1929,30.8,
Myanmar,MMR,1933,31,
Myanmar,MMR,1938,32,
Myanmar,MMR,1950,42.3,
Myanmar,MMR,1955,42.55,
Myanmar,MMR,1960,43.82244,
Myanmar,MMR,1965,46.13805,
Myanmar,MMR,1970,48.4039,
Myanmar,MMR,1975,50.11024,
Myanmar,MMR,1980,57.481,
Myanmar,MMR,1985,58.547,
Myanmar,MMR,1990,56.6607,
Myanmar,MMR,1995,58.259,
Myanmar,MMR,2000,60.1546,
Myanmar,MMR,2005,61.5985,
Myanmar,MMR,2010,63.3294,
Myanmar,MMR,2015,65.5613,
Myanmar,MMR,2020,66.797,
Namibia,NAM,1870,25,
Namibia,NAM,1880,25,
Namibia,NAM,1890,30.1,
Namibia,NAM,1900,31.3,
Namibia,NAM,1913,31.3,
Namibia,NAM,1925,31.3,
Namibia,NAM,1929,31.6,
Namibia,NAM,1933,31.6,
Namibia,NAM,1938,31.6,
Namibia,NAM,1950,38.75,
Namibia,NAM,1955,41.25,
Namibia,NAM,1960,42.71951,
Namibia,NAM,1965,45.21951,
Namibia,NAM,1970,47.71951,
Namibia,NAM,1975,50.21951,
Namibia,NAM,1980,57.877,
Namibia,NAM,1985,60.11,
Namibia,NAM,1990,62.4964,
Namibia,NAM,1995,58.634,
Namibia,NAM,2000,51.9903,
Namibia,NAM,2005,51.7866,
Namibia,NAM,2010,56.0153,
Namibia,NAM,2015,60.7002,
Namibia,NAM,2020,62.829,
Nepal,NPL,1870,25,
Nepal,NPL,1880,25,
Nepal,NPL,1890,25,
Nepal,NPL,1900,25,
Nepal,NPL,1913,25,
Nepal,NPL,1925,27.95,
Nepal,NPL,1929,29.3144,
Nepal,NPL,1933,30.95,
Nepal,NPL,1938,33,
Nepal,NPL,1950,36.3,
Nepal,NPL,1955,37.6,
Nepal,NPL,1960,38.5122,
Nepal,NPL,1965,40.25219,
Nepal,NPL,1970,42.36585,
Nepal,NPL,1975,45.03902,
Nepal,NPL,1980,48.113,
Nepal,NPL,1985,51.04,
Nepal,NPL,1990,54.8333,
Nepal,NPL,1995,59.3175,
Nepal,NPL,2000,62.6145,
Nepal,NPL,2005,65.4566,
Nepal,NPL,2010,66.8138,
Nepal,NPL,2015,67.4562,
Nepal,NPL,2020,69.2456,
Netherlands,NLD,1870,37.54,
Netherlands,NLD,1880,40.41,
Netherlands,NLD,1890,44.42,
Netherlands,NLD,1900,48.48,
Netherlands,NLD,1913,57.35,
Netherlands,NLD,1925,63.12,
Netherlands,NLD,1929,62.15,
Netherlands,NLD,1933,66.03,
Netherlands,NLD,1938,67.39,
Netherlands,NLD,1950,71.44,
Netherlands,NLD,1955,72.5,
Netherlands,NLD,1960,73.35,
Netherlands,NLD,1965,73.6,
Netherlands,NLD,1970,73.63,
Netherlands,NLD,1975,74.55,
Netherlands,NLD,1980,75.77,
Netherlands,NLD,1985,76.37,
Netherlands,NLD,1990,77.0067,
Netherlands,NLD,1995,77.5454,
Netherlands,NLD,2000,78.1222,
Netherlands,NLD,2005,79.4797,
Netherlands,NLD,2010,80.8186,
Netherlands,NLD,2015,81.4821,
Netherlands,NLD,2020,81.6381,
New Zealand,NZL,1870,51.616047,
New Zealand,NZL,1880,53.60885,
New Zealand,NZL,1890,55.60165,
New Zealand,NZL,1900,58.376812,
New Zealand,NZL,1913,61.2307,
New Zealand,NZL,1925,64.24205,
New Zealand,NZL,1929,65.40329,
New Zealand,NZL,1933,65.40329,
New Zealand,NZL,1938,65.89042,
New Zealand,NZL,1950,69.25,
New Zealand,NZL,1955,70.48,
New Zealand,NZL,1960,71.22,
New Zealand,NZL,1965,71.21,
New Zealand,NZL,1970,71.22,
New Zealand,NZL,1975,72.2,
New Zealand,NZL,1980,72.87,
New Zealand,NZL,1985,73.87,
New Zealand,NZL,1990,75.4242,
New Zealand,NZL,1995,76.7886,
New Zealand,NZL,2000,78.6782,
New Zealand,NZL,2005,80.0572,
New Zealand,NZL,2010,81.1019,
New Zealand,NZL,2015,81.9765,
New Zealand,NZL,2020,82.7419,
Nicaragua,NIC,1913,25,
Nicaragua,NIC,1925,25.481472,
Nicaragua,NIC,1929,27.197977,
Nicaragua,NIC,1933,29.241314,
Nicaragua,NIC,1938,32.10955,
Nicaragua,NIC,1950,42.3,
Nicaragua,NIC,1955,45.4,
Nicaragua,NIC,1960,47.33707,
Nicaragua,NIC,1965,50.59561,
Nicaragua,NIC,1970,53.89317,
Nicaragua,NIC,1975,56.64049,
Nicaragua,NIC,1980,58.498,
Nicaragua,NIC,1985,60.667,
Nicaragua,NIC,1990,63.0963,
Nicaragua,NIC,1995,65.6078,
Nicaragua,NIC,2000,67.2335,
Nicaragua,NIC,2005,67.9359,
Nicaragua,NIC,2010,72.009,
Nicaragua,NIC,2015,72.983,
Nicaragua,NIC,2020,71.7954,
Niger,NER,1870,25,
Niger,NER,1880,25,
Niger,NER,1890,25,
Niger,NER,1900,26.515196,
Niger,NER,1913,25,
Niger,NER,1925,25,
Niger,NER,1929,26.221512,
Niger,NER,1933,29.9,
Niger,NER,1938,34.47048,
Niger,NER,1950,33,
Niger,NER,1955,34.5,
Niger,NER,1960,35.36341,
Niger,NER,1965,36.89268,
Niger,NER,1970,38.41219,
Niger,NER,1975,39.91219,
Niger,NER,1980,39.415,
Niger,NER,1985,40.336,
Niger,NER,1990,41.8517,
Niger,NER,1995,45.7738,
Niger,NER,2000,49.3216,
Niger,NER,2005,53.59,
Niger,NER,2010,58.3668,
Niger,NER,2015,61.0827,
Niger,NER,2020,61.4506,
Nigeria,NGA,1870,25,
Nigeria,NGA,1880,25,
Nigeria,NGA,1890,25,
Nigeria,NGA,1900,25,
Nigeria,NGA,1913,25,
Nigeria,NGA,1925,25.732859,
Nigeria,NGA,1929,26,
Nigeria,NGA,1933,26,
Nigeria,NGA,1938,32,
Nigeria,NGA,1950,36.5,
Nigeria,NGA,1955,38.55,
Nigeria,NGA,1960,39.66341,
Nigeria,NGA,1965,41.36195,
Nigeria,NGA,1970,42.86098,
Nigeria,NGA,1975,44.36098,
Nigeria,NGA,1980,44.755,
Nigeria,NGA,1985,44.89,
Nigeria,NGA,1990,46.0374,
Nigeria,NGA,1995,45.487,
Nigeria,NGA,2000,47.1928,
Nigeria,NGA,2005,49.297,
Nigeria,NGA,2010,50.9448,
Nigeria,NGA,2015,51.8413,
Nigeria,NGA,2020,52.887,
Non-1995 OECD (AHDI),,1870,25.803602,
Non-1995 OECD (AHDI),,1880,26.121584,
Non-1995 OECD (AHDI),,1890,26.298195,
Non-1995 OECD (AHDI),,1900,26.905687,
Non-1995 OECD (AHDI),,1913,27.733637,
Non-1995 OECD (AHDI),,1925,30.27325,
Non-1995 OECD (AHDI),,1929,33.658554,
Non-1995 OECD (AHDI),,1933,35.19477,
Non-1995 OECD (AHDI),,1938,36.96515,
Non-1995 OECD (AHDI),,1950,44.24972,
Non-1995 OECD (AHDI),,1955,47.09722,
Non-1995 OECD (AHDI),,1960,46.377266,
Non-1995 OECD (AHDI),,1965,53.11804,
Non-1995 OECD (AHDI),,1970,56.275806,
Non-1995 OECD (AHDI),,1975,58.403896,
Non-1995 OECD (AHDI),,1980,60.26741,
Non-1995 OECD (AHDI),,1985,61.717552,
Non-1995 OECD (AHDI),,1990,63.22124,
Non-1995 OECD (AHDI),,1995,64.4498,
Non-1995 OECD (AHDI),,2000,66.07094,
Non-1995 OECD (AHDI),,2005,67.71317,
Non-1995 OECD (AHDI),,2010,69.31557,
Non-1995 OECD (AHDI),,2015,70.94564,
Non-1995 OECD (AHDI),,2020,71.203285,
North Africa (AHDI),,1870,25,
North Africa (AHDI),,1880,25,
North Africa (AHDI),,1890,25,
North Africa (AHDI),,1900,26.581661,
North Africa (AHDI),,1913,28.804972,
North Africa (AHDI),,1925,29.483494,
North Africa (AHDI),,1929,30.451708,
North Africa (AHDI),,1933,31.029453,
North Africa (AHDI),,1938,32.216072,
North Africa (AHDI),,1950,42.84543,
North Africa (AHDI),,1955,45.372704,
North Africa (AHDI),,1960,46.854874,
North Africa (AHDI),,1965,49.375587,
North Africa (AHDI),,1970,51.961708,
North Africa (AHDI),,1975,54.627655,
North Africa (AHDI),,1980,57.946568,
North Africa (AHDI),,1985,61.577316,
North Africa (AHDI),,1990,65.10656,
North Africa (AHDI),,1995,66.809425,
North Africa (AHDI),,2000,68.77993,
North Africa (AHDI),,2005,69.961235,
North Africa (AHDI),,2010,71.240814,
North Africa (AHDI),,2015,72.406044,
North Africa (AHDI),,2020,72.58116,
Norway,NOR,1870,50.86,
Norway,NOR,1880,51.89,
Norway,NOR,1890,48.61,
Norway,NOR,1900,53.47,
Norway,NOR,1913,58.31,
Norway,NOR,1925,62.51,
Norway,NOR,1929,62.45,
Norway,NOR,1933,65.48,
Norway,NOR,1938,67.09,
Norway,NOR,1950,71.59,
Norway,NOR,1955,73.43,
Norway,NOR,1960,73.56,
Norway,NOR,1965,73.73,
Norway,NOR,1970,74.07,
Norway,NOR,1975,74.82,
Norway,NOR,1980,75.67,
Norway,NOR,1985,75.93,
Norway,NOR,1990,76.5865,
Norway,NOR,1995,77.7967,
Norway,NOR,2000,78.6919,
Norway,NOR,2005,80.1699,
Norway,NOR,2010,81.0401,
Norway,NOR,2015,82.2718,
Norway,NOR,2020,83.1951,
OECD (AHDI),,1870,38.228424,
OECD (AHDI),,1880,39.497143,
OECD (AHDI),,1890,42.413715,
OECD (AHDI),,1900,45.332863,
OECD (AHDI),,1913,49.86251,
OECD (AHDI),,1925,54.50967,
OECD (AHDI),,1929,55.364475,
OECD (AHDI),,1933,57.73931,
OECD (AHDI),,1938,58.78496,
OECD (AHDI),,1950,65.98825,
OECD (AHDI),,1955,68.570015,
OECD (AHDI),,1960,69.60637,
OECD (AHDI),,1965,70.673615,
OECD (AHDI),,1970,71.45206,
OECD (AHDI),,1975,72.8951,
OECD (AHDI),,1980,74.299255,
OECD (AHDI),,1985,75.46029,
OECD (AHDI),,1990,76.45465,
OECD (AHDI),,1995,77.23991,
OECD (AHDI),,2000,78.42052,
OECD (AHDI),,2005,79.42481,
OECD (AHDI),,2010,80.5451,
OECD (AHDI),,2015,81.01501,
OECD (AHDI),,2020,80.670135,
Oman,OMN,1870,25,
Oman,OMN,1880,25,
Oman,OMN,1890,25,
Oman,OMN,1900,25,
Oman,OMN,1913,26,
Oman,OMN,1925,26,
Oman,OMN,1929,26,
Oman,OMN,1933,26,
Oman,OMN,1938,26,
Oman,OMN,1950,36.4,
Oman,OMN,1955,38.85,
Oman,OMN,1960,40.32878,
Oman,OMN,1965,43.5161,
Oman,OMN,1970,47.37268,
Oman,OMN,1975,52.54146,
Oman,OMN,1980,60.069,
Oman,OMN,1985,65.383,
Oman,OMN,1990,69.782,
Oman,OMN,1995,71.9901,
Oman,OMN,2000,73.4658,
Oman,OMN,2005,74.3962,
Oman,OMN,2010,76.2695,
Oman,OMN,2015,77.6869,
Oman,OMN,2020,74.7571,
Pakistan,PAK,1950,38.85,
Pakistan,PAK,1955,42.1,
Pakistan,PAK,1960,43.85854,
Pakistan,PAK,1965,46.65951,
Pakistan,PAK,1970,49.43317,
Pakistan,PAK,1975,52.28537,
Pakistan,PAK,1980,57.707,
Pakistan,PAK,1985,59.1,
Pakistan,PAK,1990,60.0656,
Pakistan,PAK,1995,59.8784,
Pakistan,PAK,2000,62.1018,
Pakistan,PAK,2005,62.4657,
Pakistan,PAK,2010,64.4361,
Pakistan,PAK,2015,65.6971,
Pakistan,PAK,2020,66.2695,
Panama,PAN,1950,55.3,
Panama,PAN,1955,59.3,
Panama,PAN,1960,60.93415,
Panama,PAN,1965,63.35171,
Panama,PAN,1970,65.58634,
Panama,PAN,1975,68.04683,
Panama,PAN,1980,70.002,
Panama,PAN,1985,71.421,
Panama,PAN,1990,71.0972,
Panama,PAN,1995,72.3847,
Panama,PAN,2000,74.0015,
Panama,PAN,2005,75.8285,
Panama,PAN,2010,76.4479,
Panama,PAN,2015,77.4684,
Panama,PAN,2020,76.657,
Paraguay,PRY,1950,62.6,
Paraguay,PRY,1955,63.2,
Paraguay,PRY,1960,63.91171,
Paraguay,PRY,1965,64.74707,
Paraguay,PRY,1970,65.53439,
Paraguay,PRY,1975,66.25756,
Paraguay,PRY,1980,66.769,
Paraguay,PRY,1985,67.294,
Paraguay,PRY,1990,67.9441,
Paraguay,PRY,1995,69.0092,
Paraguay,PRY,2000,69.7502,
Paraguay,PRY,2005,70.5269,
Paraguay,PRY,2010,71.8872,
Paraguay,PRY,2015,73.1905,
Paraguay,PRY,2020,73.1816,
Peru,PER,1870,25,
Peru,PER,1880,25,
Peru,PER,1890,25,
Peru,PER,1900,25,
Peru,PER,1913,27.883821,
Peru,PER,1925,31.451847,
Peru,PER,1929,32.65311,
Peru,PER,1933,34.084877,
Peru,PER,1938,36.044685,
Peru,PER,1950,43.9,
Peru,PER,1955,46.3,
Peru,PER,1960,47.97853,
Peru,PER,1965,50.55561,
Peru,PER,1970,53.94098,
Peru,PER,1975,57.35561,
Peru,PER,1980,60.059,
Peru,PER,1985,63.009,
Peru,PER,1990,65.1059,
Peru,PER,1995,67.6445,
Peru,PER,2000,70.424,
Peru,PER,2005,72.9858,
Peru,PER,2010,73.7106,
Peru,PER,2015,75.6206,
Peru,PER,2020,73.6655,
Philippines,PHL,1870,25,
Philippines,PHL,1880,25,
Philippines,PHL,1890,25,
Philippines,PHL,1900,25.6,
Philippines,PHL,1913,31.55,
Philippines,PHL,1925,37.5,
Philippines,PHL,1929,40,
Philippines,PHL,1933,40,
Philippines,PHL,1938,40,
Philippines,PHL,1950,47.55,
Philippines,PHL,1955,51.1,
Philippines,PHL,1960,53.37512,
Philippines,PHL,1965,55.74439,
Philippines,PHL,1970,57.42634,
Philippines,PHL,1975,59.30585,
Philippines,PHL,1980,61.129,
Philippines,PHL,1985,63.188,
Philippines,PHL,1990,65.9093,
Philippines,PHL,1995,68.2231,
Philippines,PHL,2000,69.4134,
Philippines,PHL,2005,70.2402,
Philippines,PHL,2010,70.7542,
Philippines,PHL,2015,71.2684,
Philippines,PHL,2020,72.1191,
Poland,POL,1870,31.34892,
Poland,POL,1880,32.11066,
Poland,POL,1890,32.54902,
Poland,POL,1900,36.973133,
Poland,POL,1913,39.72356,
Poland,POL,1925,48.2,
Poland,POL,1929,49.8,
Poland,POL,1933,49.8,
Poland,POL,1938,51.4,
Poland,POL,1950,61.439,
Poland,POL,1955,65.893,
Poland,POL,1960,67.82,
Poland,POL,1965,69.48,
Poland,POL,1970,69.59,
Poland,POL,1975,70.44,
Poland,POL,1980,69.95,
Poland,POL,1985,70.34,
Poland,POL,1990,70.678,
Poland,POL,1995,71.9193,
Poland,POL,2000,73.7335,
Poland,POL,2005,75.0936,
Poland,POL,2010,76.3175,
Poland,POL,2015,77.4151,
Poland,POL,2020,76.9424,
Portugal,PRT,1870,36,
Portugal,PRT,1880,38,
Portugal,PRT,1890,43,
Portugal,PRT,1900,44,
Portugal,PRT,1913,44,
Portugal,PRT,1925,45.45,
Portugal,PRT,1929,47,
Portugal,PRT,1933,49.66,
Portugal,PRT,1938,50.7,
Portugal,PRT,1950,58.47,
Portugal,PRT,1955,61.4,
Portugal,PRT,1960,64.15,
Portugal,PRT,1965,66.09,
Portugal,PRT,1970,67.06,
Portugal,PRT,1975,68.84,
Portugal,PRT,1980,71.66,
Portugal,PRT,1985,73.21,
Portugal,PRT,1990,74.304,
Portugal,PRT,1995,75.5501,
Portugal,PRT,2000,76.8304,
Portugal,PRT,2005,78.3053,
Portugal,PRT,2010,80.035,
Portugal,PRT,2015,81.2093,
Portugal,PRT,2020,81.0545,
Qatar,QAT,1870,25,
Qatar,QAT,1880,25,
Qatar,QAT,1890,25,
Qatar,QAT,1900,25,
Qatar,QAT,1913,26,
Qatar,QAT,1925,26,
Qatar,QAT,1929,26,
Qatar,QAT,1933,26,
Qatar,QAT,1938,26,
Qatar,QAT,1950,48,
Qatar,QAT,1955,51.05,
Qatar,QAT,1960,53.41317,
Qatar,QAT,1965,57.40927,
Qatar,QAT,1970,61.10585,
Qatar,QAT,1975,64.30195,
Qatar,QAT,1980,66.124,
Qatar,QAT,1985,67.75,
Qatar,QAT,1990,73.9817,
Qatar,QAT,1995,74.2499,
Qatar,QAT,2000,74.8279,
Qatar,QAT,2005,76.0637,
Qatar,QAT,2010,78.4251,
Qatar,QAT,2015,80.0639,
Qatar,QAT,2020,79.0987,
Romania,ROU,1870,30.129192,
Romania,ROU,1880,30.878262,
Romania,ROU,1890,32.04348,
Romania,ROU,1900,34.95652,
Romania,ROU,1913,37.652172,
Romania,ROU,1925,39.391304,
Romania,ROU,1929,42,
Romania,ROU,1933,42,
Romania,ROU,1938,48.7,
Romania,ROU,1950,61.1,
Romania,ROU,1955,63.235,
Romania,ROU,1960,65.45731,
Romania,ROU,1965,68.43049,
Romania,ROU,1970,68.49024,
Romania,ROU,1975,69.6139,
Romania,ROU,1980,69.596,
Romania,ROU,1985,69.622,
Romania,ROU,1990,69.729,
Romania,ROU,1995,69.5602,
Romania,ROU,2000,71.2823,
Romania,ROU,2005,70.6095,
Romania,ROU,2010,73.9959,
Romania,ROU,2015,74.7901,
Romania,ROU,2020,75.3456,
Russia,RUS,1870,28.675,
Russia,RUS,1880,29.55,
Russia,RUS,1890,30.85,
Russia,RUS,1900,32.575,
Russia,RUS,1913,33.45,
Russia,RUS,1925,43,
Russia,RUS,1929,44.36,
Russia,RUS,1933,45.6,
Russia,RUS,1938,46.92,
Russia,RUS,1950,58.518,
Russia,RUS,1955,64.797,
Russia,RUS,1960,68.7,
Russia,RUS,1965,69.5,
Russia,RUS,1970,68.83,
Russia,RUS,1975,68.32,
Russia,RUS,1980,67.48,
Russia,RUS,1985,68.26,
Russia,RUS,1990,68.5354,
Russia,RUS,1995,64.101,
Russia,RUS,2000,65.2711,
Russia,RUS,2005,66.0746,
Russia,RUS,2010,69.386,
Russia,RUS,2015,72.1006,
Russia,RUS,2020,71.3423,
Rwanda,RWA,1870,25,
Rwanda,RWA,1880,25,
Rwanda,RWA,1890,25,
Rwanda,RWA,1900,25,
Rwanda,RWA,1913,28.839233,
Rwanda,RWA,1925,28.839233,
Rwanda,RWA,1929,33.822594,
Rwanda,RWA,1933,33.822594,
Rwanda,RWA,1938,33.5,
Rwanda,RWA,1950,40,
Rwanda,RWA,1955,41.5,
Rwanda,RWA,1960,42.36098,
Rwanda,RWA,1965,43.62098,
Rwanda,RWA,1970,44.36098,
Rwanda,RWA,1975,44.80098,
Rwanda,RWA,1980,45.883,
Rwanda,RWA,1985,46.79,
Rwanda,RWA,1990,48.4312,
Rwanda,RWA,1995,39.9692,
Rwanda,RWA,2000,47.1292,
Rwanda,RWA,2005,57.316,
Rwanda,RWA,2010,62.5397,
Rwanda,RWA,2015,65.2977,
Rwanda,RWA,2020,66.7741,
Saint Kitts and Nevis,KNA,1950,56.18312,
Saint Kitts and Nevis,KNA,1955,58.88143,
Saint Kitts and Nevis,KNA,1960,60,
Saint Kitts and Nevis,KNA,1965,60.95372,
Saint Kitts and Nevis,KNA,1970,62.646374,
Saint Kitts and Nevis,KNA,1975,63.955875,
Saint Kitts and Nevis,KNA,1980,65.041,
Saint Kitts and Nevis,KNA,1985,66.021,
Saint Kitts and Nevis,KNA,1990,65.1875,
Saint Kitts and Nevis,KNA,1995,67.1523,
Saint Kitts and Nevis,KNA,2000,69.7815,
Saint Kitts and Nevis,KNA,2005,71.3616,
Saint Kitts and Nevis,KNA,2010,71.2705,
Saint Kitts and Nevis,KNA,2015,70.763,
Saint Kitts and Nevis,KNA,2020,71.6266,
Saint Lucia,LCA,1950,54.13,
Saint Lucia,LCA,1955,56.83,
Saint Lucia,LCA,1960,56.75854,
Saint Lucia,LCA,1965,59.50732,
Saint Lucia,LCA,1970,62.2561,
Saint Lucia,LCA,1975,65.12902,
Saint Lucia,LCA,1980,69.43,
Saint Lucia,LCA,1985,70.913,
Saint Lucia,LCA,1990,70.3261,
Saint Lucia,LCA,1995,71.0024,
Saint Lucia,LCA,2000,70.7678,
Saint Lucia,LCA,2005,72.2445,
Saint Lucia,LCA,2010,72.7196,
Saint Lucia,LCA,2015,73.1381,
Saint Lucia,LCA,2020,73.416,
Saint Vincent and the Grenadines,VCT,1950,51.15,
Saint Vincent and the Grenadines,VCT,1955,52.25,
Saint Vincent and the Grenadines,VCT,1960,59.03659,
Saint Vincent and the Grenadines,VCT,1965,61.02683,
Saint Vincent and the Grenadines,VCT,1970,63.01707,
Saint Vincent and the Grenadines,VCT,1975,65.07244,
Saint Vincent and the Grenadines,VCT,1980,65.833,
Saint Vincent and the Grenadines,VCT,1985,67.759,
Saint Vincent and the Grenadines,VCT,1990,72.3797,
Saint Vincent and the Grenadines,VCT,1995,72.0974,
Saint Vincent and the Grenadines,VCT,2000,71.3772,
Saint Vincent and the Grenadines,VCT,2005,73.5161,
Saint Vincent and the Grenadines,VCT,2010,74.7184,
Saint Vincent and the Grenadines,VCT,2015,74.4071,
Saint Vincent and the Grenadines,VCT,2020,72.1256,
Sao Tome and Principe,STP,1950,46.401,
Sao Tome and Principe,STP,1955,48.894,
Sao Tome and Principe,STP,1960,51.848,
Sao Tome and Principe,STP,1965,54.393,
Sao Tome and Principe,STP,1970,55.86846,
Sao Tome and Principe,STP,1975,58.94059,
Sao Tome and Principe,STP,1980,59.505,
Sao Tome and Principe,STP,1985,61.102,
Sao Tome and Principe,STP,1990,61.471,
Sao Tome and Principe,STP,1995,61.0556,
Sao Tome and Principe,STP,2000,61.6554,
Sao Tome and Principe,STP,2005,63.7089,
Sao Tome and Principe,STP,2010,65.2486,
Sao Tome and Principe,STP,2015,67.2491,
Sao Tome and Principe,STP,2020,67.7848,
Saudi Arabia,SAU,1870,25,
Saudi Arabia,SAU,1880,25,
Saudi Arabia,SAU,1890,25,
Saudi Arabia,SAU,1900,25,
Saudi Arabia,SAU,1913,25,
Saudi Arabia,SAU,1925,25,
Saudi Arabia,SAU,1929,27.5,
Saudi Arabia,SAU,1933,30,
Saudi Arabia,SAU,1938,34,
Saudi Arabia,SAU,1950,39.9,
Saudi Arabia,SAU,1955,42.9,
Saudi Arabia,SAU,1960,44.70341,
Saudi Arabia,SAU,1965,48.31902,
Saudi Arabia,SAU,1970,52.31415,
Saudi Arabia,SAU,1975,56.79805,
Saudi Arabia,SAU,1980,61.022,
Saudi Arabia,SAU,1985,64.922,
Saudi Arabia,SAU,1990,68.9485,
Saudi Arabia,SAU,1995,71.0109,
Saudi Arabia,SAU,2000,72.4667,
Saudi Arabia,SAU,2005,74.5883,
Saudi Arabia,SAU,2010,75.7629,
Saudi Arabia,SAU,2015,76.9185,
Saudi Arabia,SAU,2020,76.2392,
Senegal,SEN,1870,25,
Senegal,SEN,1880,25,
Senegal,SEN,1890,25,
Senegal,SEN,1900,25,
Senegal,SEN,1913,25,
Senegal,SEN,1925,25,
Senegal,SEN,1929,30.1,
Senegal,SEN,1933,30.1,
Senegal,SEN,1938,36.4,
Senegal,SEN,1950,36.5,
Senegal,SEN,1955,37,
Senegal,SEN,1960,37.90976,
Senegal,SEN,1965,39.0078,
Senegal,SEN,1970,40.86,
Senegal,SEN,1975,43.09268,
Senegal,SEN,1980,47.385,
Senegal,SEN,1985,50.055,
Senegal,SEN,1990,56.9484,
Senegal,SEN,1995,56.8385,
Senegal,SEN,2000,56.9434,
Senegal,SEN,2005,60.9152,
Senegal,SEN,2010,64.6154,
Senegal,SEN,2015,66.8794,
Senegal,SEN,2020,68.0064,
Serbia,SRB,1870,31.95555,
Serbia,SRB,1880,32.750023,
Serbia,SRB,1890,33.985874,
Serbia,SRB,1900,37.0755,
Serbia,SRB,1913,39.934555,
Serbia,SRB,1925,41.779106,
Serbia,SRB,1929,44.545937,
Serbia,SRB,1933,45.05592,
Serbia,SRB,1938,51.024,
Serbia,SRB,1950,58.125,
Serbia,SRB,1955,63.025,
Serbia,SRB,1960,63.33317,
Serbia,SRB,1965,65.90341,
Serbia,SRB,1970,67.93561,
Serbia,SRB,1975,69.60927,
Serbia,SRB,1980,73.735,
Serbia,SRB,1985,74.518,
Serbia,SRB,1990,70.3146,
Serbia,SRB,1995,71.7694,
Serbia,SRB,2000,71.4392,
Serbia,SRB,2005,72.7092,
Serbia,SRB,2010,74.3753,
Serbia,SRB,2015,75.8172,
Serbia,SRB,2020,75.4057,
Seychelles,SYC,1950,57.964,
Seychelles,SYC,1955,59.414,
Seychelles,SYC,1960,63.35,
Seychelles,SYC,1965,64.4,
Seychelles,SYC,1970,64.95,
Seychelles,SYC,1975,67.85,
Seychelles,SYC,1980,66.637,
Seychelles,SYC,1985,68.85,
Seychelles,SYC,1990,69.0142,
Seychelles,SYC,1995,68.5282,
Seychelles,SYC,2000,69.7218,
Seychelles,SYC,2005,71.5618,
Seychelles,SYC,2010,72.9703,
Seychelles,SYC,2015,73.6979,
Seychelles,SYC,2020,73.5324,
Sierra Leone,SLE,1870,25,
Sierra Leone,SLE,1880,25,
Sierra Leone,SLE,1890,25,
Sierra Leone,SLE,1900,25,
Sierra Leone,SLE,1913,25,
Sierra Leone,SLE,1925,25,
Sierra Leone,SLE,1929,25,
Sierra Leone,SLE,1933,25,
Sierra Leone,SLE,1938,26.712175,
Sierra Leone,SLE,1950,30.05,
Sierra Leone,SLE,1955,31.05,
Sierra Leone,SLE,1960,31.61463,
Sierra Leone,SLE,1965,32.8839,
Sierra Leone,SLE,1970,34.36341,
Sierra Leone,SLE,1975,35.08342,
Sierra Leone,SLE,1980,41.763,
Sierra Leone,SLE,1985,42.39,
Sierra Leone,SLE,1990,44.0568,
Sierra Leone,SLE,1995,42.7157,
Sierra Leone,SLE,2000,45.0503,
Sierra Leone,SLE,2005,48.2373,
Sierra Leone,SLE,2010,53.6932,
Sierra Leone,SLE,2015,57.189,
Sierra Leone,SLE,2020,59.7632,
Singapore,SGP,1870,25,
Singapore,SGP,1880,25,
Singapore,SGP,1890,25,
Singapore,SGP,1900,25,
Singapore,SGP,1913,25,
Singapore,SGP,1925,25,
Singapore,SGP,1929,25.03485,
Singapore,SGP,1933,29.505358,
Singapore,SGP,1938,31.175472,
Singapore,SGP,1950,60.45,
Singapore,SGP,1955,63.2,
Singapore,SGP,1960,63.68147,
Singapore,SGP,1965,65.72634,
Singapore,SGP,1970,67.74097,
Singapore,SGP,1975,69.89268,
Singapore,SGP,1980,71.236,
Singapore,SGP,1985,72.546,
Singapore,SGP,1990,74.9444,
Singapore,SGP,1995,75.9757,
Singapore,SGP,2000,79.0691,
Singapore,SGP,2005,80.3541,
Singapore,SGP,2010,81.691,
Singapore,SGP,2015,82.8265,
Singapore,SGP,2020,82.861,
Slovakia,SVK,1990,70.8202,
Slovakia,SVK,1995,72.255,
Slovakia,SVK,2000,73.1407,
Slovakia,SVK,2005,74.1572,
Slovakia,SVK,2010,75.495,
Slovakia,SVK,2015,76.6493,
Slovakia,SVK,2020,77.0054,
Slovenia,SVN,1980,71.229,
Slovenia,SVN,1985,71.74,
Slovenia,SVN,1990,73.5151,
Slovenia,SVN,1995,74.5783,
Slovenia,SVN,2000,76.1957,
Slovenia,SVN,2005,77.7151,
Slovenia,SVN,2010,79.7039,
Slovenia,SVN,2015,80.8218,
Slovenia,SVN,2020,80.4409,
South Africa,ZAF,1870,30,
South Africa,ZAF,1880,31.3,
South Africa,ZAF,1890,33.7,
South Africa,ZAF,1900,35,
South Africa,ZAF,1913,36.18707,
South Africa,ZAF,1925,37,
South Africa,ZAF,1929,37.5,
South Africa,ZAF,1933,38.1,
South Africa,ZAF,1938,40,
South Africa,ZAF,1950,45,
South Africa,ZAF,1955,48,
South Africa,ZAF,1960,49.1561,
South Africa,ZAF,1965,51.1439,
South Africa,ZAF,1970,53.13171,
South Africa,ZAF,1975,55.12683,
South Africa,ZAF,1980,56.792,
South Africa,ZAF,1985,59.514,
South Africa,ZAF,1990,63.3753,
South Africa,ZAF,1995,62.2616,
South Africa,ZAF,2000,58.4704,
South Africa,ZAF,2005,53.9797,
South Africa,ZAF,2010,58.8987,
South Africa,ZAF,2015,63.9499,
South Africa,ZAF,2020,65.2522,
South Asia (AHDI),,1870,25,
South Asia (AHDI),,1880,25.474693,
South Asia (AHDI),,1890,25.073088,
South Asia (AHDI),,1900,25.10123,
South Asia (AHDI),,1913,25.102606,
South Asia (AHDI),,1925,28.029032,
South Asia (AHDI),,1929,29.461437,
South Asia (AHDI),,1933,31.079334,
South Asia (AHDI),,1938,32.804222,
South Asia (AHDI),,1950,40.562366,
South Asia (AHDI),,1955,41.15701,
South Asia (AHDI),,1960,43.93278,
South Asia (AHDI),,1965,46.554337,
South Asia (AHDI),,1970,48.891605,
South Asia (AHDI),,1975,51.289806,
South Asia (AHDI),,1980,54.552933,
South Asia (AHDI),,1985,56.445038,
South Asia (AHDI),,1990,58.543755,
South Asia (AHDI),,1995,60.453835,
South Asia (AHDI),,2000,62.889458,
South Asia (AHDI),,2005,64.92674,
South Asia (AHDI),,2010,66.7621,
South Asia (AHDI),,2015,69.155785,
South Asia (AHDI),,2020,69.74995,
South Korea,KOR,1870,25,
South Korea,KOR,1880,25,
South Korea,KOR,1890,25,
South Korea,KOR,1900,25,
South Korea,KOR,1913,25,
South Korea,KOR,1925,29.5,
South Korea,KOR,1929,33.60512,
South Korea,KOR,1933,37.38824,
South Korea,KOR,1938,42.57104,
South Korea,KOR,1950,47.924,
South Korea,KOR,1955,51.231,
South Korea,KOR,1960,52.4,
South Korea,KOR,1965,58.838,
South Korea,KOR,1970,62.1,
South Korea,KOR,1975,64.1,
South Korea,KOR,1980,65.9,
South Korea,KOR,1985,68.6,
South Korea,KOR,1990,71.9401,
South Korea,KOR,1995,73.9409,
South Korea,KOR,2000,76.4661,
South Korea,KOR,2005,78.5192,
South Korea,KOR,2010,80.763,
South Korea,KOR,2015,82.5605,
South Korea,KOR,2020,83.6089,
Spain,ESP,1870,30.1,
Spain,ESP,1880,32.1,
Spain,ESP,1890,34.1,
Spain,ESP,1900,35.03658,
Spain,ESP,1913,42.61,
Spain,ESP,1925,46.98,
Spain,ESP,1929,49.49,
Spain,ESP,1933,51.6,
Spain,ESP,1938,47.6,
Spain,ESP,1950,61.78,
Spain,ESP,1955,66.73,
Spain,ESP,1960,69.23,
Spain,ESP,1965,70.93,
Spain,ESP,1970,72.15,
Spain,ESP,1975,73.49,
Spain,ESP,1980,75.53,
Spain,ESP,1985,76.41,
Spain,ESP,1990,77.0017,
Spain,ESP,1995,78.2029,
Spain,ESP,2000,79.4172,
Spain,ESP,2005,80.3283,
Spain,ESP,2010,82.0214,
Spain,ESP,2015,82.6464,
Spain,ESP,2020,82.2892,
Sri Lanka,LKA,1870,25,
Sri Lanka,LKA,1880,29,
Sri Lanka,LKA,1890,31.3,
Sri Lanka,LKA,1900,32.6,
Sri Lanka,LKA,1913,31.7,
Sri Lanka,LKA,1925,32.7,
Sri Lanka,LKA,1929,38.25,
Sri Lanka,LKA,1933,39,
Sri Lanka,LKA,1938,45.75,
Sri Lanka,LKA,1950,57.036,
Sri Lanka,LKA,1955,60.5,
Sri Lanka,LKA,1960,60.14829,
Sri Lanka,LKA,1965,62.60195,
Sri Lanka,LKA,1970,64.64976,
Sri Lanka,LKA,1975,66.17073,
Sri Lanka,LKA,1980,67.8,
Sri Lanka,LKA,1985,68.873,
Sri Lanka,LKA,1990,71.9268,
Sri Lanka,LKA,1995,72.2601,
Sri Lanka,LKA,2000,70.355,
Sri Lanka,LKA,2005,72.1182,
Sri Lanka,LKA,2010,73.215,
Sri Lanka,LKA,2015,74.9275,
Sri Lanka,LKA,2020,76.3929,
Sub Saharan Africa (AHDI),,1870,25.3899,
Sub Saharan Africa (AHDI),,1880,25.497128,
Sub Saharan Africa (AHDI),,1890,25.700542,
Sub Saharan Africa (AHDI),,1900,26.081434,
Sub Saharan Africa (AHDI),,1913,26.628735,
Sub Saharan Africa (AHDI),,1925,27.082111,
Sub Saharan Africa (AHDI),,1929,28.543411,
Sub Saharan Africa (AHDI),,1933,29.078646,
Sub Saharan Africa (AHDI),,1938,32.077293,
Sub Saharan Africa (AHDI),,1950,36.91909,
Sub Saharan Africa (AHDI),,1955,38.97449,
Sub Saharan Africa (AHDI),,1960,40.22872,
Sub Saharan Africa (AHDI),,1965,42.20245,
Sub Saharan Africa (AHDI),,1970,44.201687,
Sub Saharan Africa (AHDI),,1975,46.051147,
Sub Saharan Africa (AHDI),,1980,48.24318,
Sub Saharan Africa (AHDI),,1985,49.393703,
Sub Saharan Africa (AHDI),,1990,49.975353,
Sub Saharan Africa (AHDI),,1995,50.220497,
Sub Saharan Africa (AHDI),,2000,51.288128,
Sub Saharan Africa (AHDI),,2005,53.508728,
Sub Saharan Africa (AHDI),,2010,56.956295,
Sub Saharan Africa (AHDI),,2015,59.6788,
Sub Saharan Africa (AHDI),,2020,60.968952,
Sudan,SDN,1870,25,
Sudan,SDN,1880,25,
Sudan,SDN,1890,25,
Sudan,SDN,1900,25,
Sudan,SDN,1913,25,
Sudan,SDN,1925,25,
Sudan,SDN,1929,25,
Sudan,SDN,1933,25,
Sudan,SDN,1938,27.000542,
Sudan,SDN,1950,37.7,
Sudan,SDN,1955,38.7,
Sudan,SDN,1960,39.26585,
Sudan,SDN,1965,40.86585,
Sudan,SDN,1970,42.86585,
Sudan,SDN,1975,45.46585,
Sudan,SDN,1980,49.485,
Sudan,SDN,1985,50.925,
Sudan,SDN,1990,49.7321,
Sudan,SDN,1995,51.991,
Sudan,SDN,2000,58.3185,
Sudan,SDN,2005,57.2786,
Sudan,SDN,2010,63.0161,
Sudan,SDN,2015,64.6587,
Sudan,SDN,2020,65.6136,
Suriname,SUR,1950,56.01,
Suriname,SUR,1955,58.7,
Suriname,SUR,1960,59.81512,
Suriname,SUR,1965,61.6922,
Suriname,SUR,1970,63.40536,
Suriname,SUR,1975,64.73073,
Suriname,SUR,1980,65.829,
Suriname,SUR,1985,66.848,
Suriname,SUR,1990,64.2298,
Suriname,SUR,1995,65.3371,
Suriname,SUR,2000,65.5077,
Suriname,SUR,2005,67.0025,
Suriname,SUR,2010,69.8945,
Suriname,SUR,2015,70.8003,
Suriname,SUR,2020,72.5615,
Sweden,SWE,1870,45.02,
Sweden,SWE,1880,47.67,
Sweden,SWE,1890,50.44,
Sweden,SWE,1900,52.23,
Sweden,SWE,1913,58.59,
Sweden,SWE,1925,62.51,
Sweden,SWE,1929,62.29,
Sweden,SWE,1933,64.8,
Sweden,SWE,1938,65.54,
Sweden,SWE,1950,71.14,
Sweden,SWE,1955,72.59,
Sweden,SWE,1960,73.04,
Sweden,SWE,1965,73.87,
Sweden,SWE,1970,74.66,
Sweden,SWE,1975,74.98,
Sweden,SWE,1980,75.74,
Sweden,SWE,1985,76.69,
Sweden,SWE,1990,77.5883,
Sweden,SWE,1995,78.8214,
Sweden,SWE,2000,79.7382,
Sweden,SWE,2005,80.621,
Sweden,SWE,2010,81.5187,
Sweden,SWE,2015,82.1834,
Sweden,SWE,2020,82.4274,
Switzerland,CHE,1870,41.9,
Switzerland,CHE,1880,42.47,
Switzerland,CHE,1890,45.01,
Switzerland,CHE,1900,47.59,
Switzerland,CHE,1913,54.23,
Switzerland,CHE,1925,59.91,
Switzerland,CHE,1929,60.14,
Switzerland,CHE,1933,62.37,
Switzerland,CHE,1938,63.83,
Switzerland,CHE,1950,68.91,
Switzerland,CHE,1955,70.07,
Switzerland,CHE,1960,71.41,
Switzerland,CHE,1965,72.32,
Switzerland,CHE,1970,73.12,
Switzerland,CHE,1975,74.79,
Switzerland,CHE,1980,75.59,
Switzerland,CHE,1985,76.88,
Switzerland,CHE,1990,77.3849,
Switzerland,CHE,1995,78.5648,
Switzerland,CHE,2000,79.8335,
Switzerland,CHE,2005,81.2338,
Switzerland,CHE,2010,82.2831,
Switzerland,CHE,2015,82.8468,
Switzerland,CHE,2020,83.067,
Syria,SYR,1870,25,
Syria,SYR,1880,25,
Syria,SYR,1890,25,
Syria,SYR,1900,25,
Syria,SYR,1913,25,
Syria,SYR,1925,25,
Syria,SYR,1929,30,
Syria,SYR,1933,30,
Syria,SYR,1938,40,
Syria,SYR,1950,46,
Syria,SYR,1955,48.5,
Syria,SYR,1960,49.99854,
Syria,SYR,1965,52.78488,
Syria,SYR,1970,55.79122,
Syria,SYR,1975,58.83756,
Syria,SYR,1980,63.008,
Syria,SYR,1985,65.87,
Syria,SYR,1990,69.8172,
Syria,SYR,1995,70.4163,
Syria,SYR,2000,70.7639,
Syria,SYR,2005,72.7685,
Syria,SYR,2010,73.8808,
Syria,SYR,2015,65.1239,
Syria,SYR,2020,72.1399,
Taiwan,TWN,1870,25,
Taiwan,TWN,1880,25,
Taiwan,TWN,1890,25,
Taiwan,TWN,1900,27.7,
Taiwan,TWN,1913,29,
Taiwan,TWN,1925,38.6,
Taiwan,TWN,1929,40.95,
Taiwan,TWN,1933,42.1,
Taiwan,TWN,1938,43.4,
Taiwan,TWN,1950,55,
Taiwan,TWN,1955,62.2,
Taiwan,TWN,1960,64.35,
Taiwan,TWN,1965,67.4,
Taiwan,TWN,1970,68.65,
Taiwan,TWN,1975,70.65,
Taiwan,TWN,1980,71.8,
Taiwan,TWN,1985,73.15,
Taiwan,TWN,1990,73.83,
Taiwan,TWN,1995,74.52,
Taiwan,TWN,2000,76.11,
Taiwan,TWN,2005,77.16,
Taiwan,TWN,2010,79.295,
Taiwan,TWN,2015,80.315,
Taiwan,TWN,2020,81.43,
Tajikistan,TJK,1980,62.362,
Tajikistan,TJK,1985,63.372,
Tajikistan,TJK,1990,61.879,
Tajikistan,TJK,1995,59.3379,
Tajikistan,TJK,2000,63.2596,
Tajikistan,TJK,2005,66.5143,
Tajikistan,TJK,2010,67.742,
Tajikistan,TJK,2015,69.3059,
Tajikistan,TJK,2020,67.9942,
Tanzania,TZA,1870,25,
Tanzania,TZA,1880,25,
Tanzania,TZA,1890,25,
Tanzania,TZA,1900,25,
Tanzania,TZA,1913,25.9,
Tanzania,TZA,1925,25.9,
Tanzania,TZA,1929,30.302761,
Tanzania,TZA,1933,30.302761,
Tanzania,TZA,1938,34.2,
Tanzania,TZA,1950,37.05,
Tanzania,TZA,1955,39.35,
Tanzania,TZA,1960,40.72146,
Tanzania,TZA,1965,43.10098,
Tanzania,TZA,1970,45.50098,
Tanzania,TZA,1975,47.95951,
Tanzania,TZA,1980,50.21,
Tanzania,TZA,1985,51.116,
Tanzania,TZA,1990,51.4849,
Tanzania,TZA,1995,50.7858,
Tanzania,TZA,2000,52.3623,
Tanzania,TZA,2005,56.2991,
Tanzania,TZA,2010,60.1048,
Tanzania,TZA,2015,64.6507,
Tanzania,TZA,2020,66.4077,
Thailand,THA,1870,25,
Thailand,THA,1880,25,
Thailand,THA,1890,25,
Thailand,THA,1900,25,
Thailand,THA,1913,27.5,
Thailand,THA,1925,30,
Thailand,THA,1929,35,
Thailand,THA,1933,38.3,
Thailand,THA,1938,40.3,
Thailand,THA,1950,47.05,
Thailand,THA,1955,50.75,
Thailand,THA,1960,52.64829,
Thailand,THA,1965,55.59805,
Thailand,THA,1970,58.44049,
Thailand,THA,1975,60.56244,
Thailand,THA,1980,65.929,
Thailand,THA,1985,68.975,
Thailand,THA,1990,70.4449,
Thailand,THA,1995,70.9475,
Thailand,THA,2000,72.3156,
Thailand,THA,2005,73.8202,
Thailand,THA,2010,76.1313,
Thailand,THA,2015,77.7166,
Thailand,THA,2020,79.2739,
Togo,TGO,1870,25,
Togo,TGO,1880,25,
Togo,TGO,1890,25,
Togo,TGO,1900,25,
Togo,TGO,1913,28,
Togo,TGO,1925,28,
Togo,TGO,1929,29.673637,
Togo,TGO,1933,29.673637,
Togo,TGO,1938,31.3,
Togo,TGO,1950,36,
Togo,TGO,1955,38.05,
Togo,TGO,1960,39.5122,
Togo,TGO,1965,41.98146,
Togo,TGO,1970,44.46098,
Togo,TGO,1975,46.99024,
Togo,TGO,1980,54.823,
Togo,TGO,1985,56.675,
Togo,TGO,1990,54.3697,
Togo,TGO,1995,54.0366,
Togo,TGO,2000,54.742,
Togo,TGO,2005,55.9618,
Togo,TGO,2010,57.3042,
Togo,TGO,2015,59.3958,
Togo,TGO,2020,61.035,
Trinidad and Tobago,TTO,1950,59.1,
Trinidad and Tobago,TTO,1955,61.8,
Trinidad and Tobago,TTO,1960,63.67268,
Trinidad and Tobago,TTO,1965,64.72878,
Trinidad and Tobago,TTO,1970,65.35513,
Trinidad and Tobago,TTO,1975,66.56049,
Trinidad and Tobago,TTO,1980,67.359,
Trinidad and Tobago,TTO,1985,68.164,
Trinidad and Tobago,TTO,1990,68.272,
Trinidad and Tobago,TTO,1995,69.17,
Trinidad and Tobago,TTO,2000,69.1022,
Trinidad and Tobago,TTO,2005,71.3077,
Trinidad and Tobago,TTO,2010,72.7254,
Trinidad and Tobago,TTO,2015,74.5032,
Trinidad and Tobago,TTO,2020,74.4056,
Tunisia,TUN,1870,25,
Tunisia,TUN,1880,25,
Tunisia,TUN,1890,25,
Tunisia,TUN,1900,26.581661,
Tunisia,TUN,1913,28.8,
Tunisia,TUN,1925,28.8,
Tunisia,TUN,1929,30.698612,
Tunisia,TUN,1933,31.22,
Tunisia,TUN,1938,33.72,
Tunisia,TUN,1950,44.6,
Tunisia,TUN,1955,47.1,
Tunisia,TUN,1960,48.58781,
Tunisia,TUN,1965,51.08781,
Tunisia,TUN,1970,54.18781,
Tunisia,TUN,1975,58.55122,
Tunisia,TUN,1980,62.052,
Tunisia,TUN,1985,65.628,
Tunisia,TUN,1990,70.1103,
Tunisia,TUN,1995,71.9876,
Tunisia,TUN,2000,73.6901,
Tunisia,TUN,2005,74.7642,
Tunisia,TUN,2010,75.4206,
Tunisia,TUN,2015,75.6919,
Tunisia,TUN,2020,75.2923,
Turkey,TUR,1870,26.359222,
Turkey,TUR,1880,27.014563,
Turkey,TUR,1890,28.033981,
Turkey,TUR,1900,29.417477,
Turkey,TUR,1913,30,
Turkey,TUR,1925,31.84091,
Turkey,TUR,1929,34.08409,
Turkey,TUR,1933,34.43182,
Turkey,TUR,1938,36,
Turkey,TUR,1950,48.2,
Turkey,TUR,1955,48.15,
Turkey,TUR,1960,50.48049,
Turkey,TUR,1965,53.77171,
Turkey,TUR,1970,56.70488,
Turkey,TUR,1975,59.27707,
Turkey,TUR,1980,60.299,
Turkey,TUR,1985,61.984,
Turkey,TUR,1990,67.7092,
Turkey,TUR,1995,69.6094,
Turkey,TUR,2000,71.8613,
Turkey,TUR,2005,73.5341,
Turkey,TUR,2010,75.0693,
Turkey,TUR,2015,76.646,
Turkey,TUR,2020,75.85,
Uganda,UGA,1870,25,
Uganda,UGA,1880,25,
Uganda,UGA,1890,25,
Uganda,UGA,1900,25,
Uganda,UGA,1913,25,
Uganda,UGA,1925,25,
Uganda,UGA,1929,25,
Uganda,UGA,1933,25,
Uganda,UGA,1938,26.4,
Uganda,UGA,1950,40.05,
Uganda,UGA,1955,42,
Uganda,UGA,1960,44.06097,
Uganda,UGA,1965,47.15781,
Uganda,UGA,1970,49.75024,
Uganda,UGA,1975,49.50927,
Uganda,UGA,1980,50.037,
Uganda,UGA,1985,49.864,
Uganda,UGA,1990,46.4426,
Uganda,UGA,1995,46.5674,
Uganda,UGA,2000,48.3415,
Uganda,UGA,2005,52.9756,
Uganda,UGA,2010,57.0547,
Uganda,UGA,2015,61.0856,
Uganda,UGA,2020,62.8513,
Ukraine,UKR,1980,69.68,
Ukraine,UKR,1985,69.94,
Ukraine,UKR,1990,69.8024,
Ukraine,UKR,1995,66.8275,
Ukraine,UKR,2000,67.8555,
Ukraine,UKR,2005,68.1506,
Ukraine,UKR,2010,70.6207,
Ukraine,UKR,2015,73.4581,
Ukraine,UKR,2020,72.5726,
United Arab Emirates,ARE,1870,25,
United Arab Emirates,ARE,1880,25,
United Arab Emirates,ARE,1890,25,
United Arab Emirates,ARE,1900,25,
United Arab Emirates,ARE,1913,26,
United Arab Emirates,ARE,1925,26,
United Arab Emirates,ARE,1929,26,
United Arab Emirates,ARE,1933,26,
United Arab Emirates,ARE,1938,26,
United Arab Emirates,ARE,1950,48,
United Arab Emirates,ARE,1955,51.05,
United Arab Emirates,ARE,1960,53.41317,
United Arab Emirates,ARE,1965,57.40927,
United Arab Emirates,ARE,1970,61.10585,
United Arab Emirates,ARE,1975,65.05122,
United Arab Emirates,ARE,1980,67.534,
United Arab Emirates,ARE,1985,69.994,
United Arab Emirates,ARE,1990,71.9004,
United Arab Emirates,ARE,1995,72.6945,
United Arab Emirates,ARE,2000,74.38,
United Arab Emirates,ARE,2005,76.6825,
United Arab Emirates,ARE,2010,78.3335,
United Arab Emirates,ARE,2015,79.2232,
United Arab Emirates,ARE,2020,78.9457,
United Kingdom,GBR,1870,41.31,
United Kingdom,GBR,1880,44.25,
United Kingdom,GBR,1890,45.75,
United Kingdom,GBR,1900,48.25,
United Kingdom,GBR,1913,53.35,
United Kingdom,GBR,1925,58.42,
United Kingdom,GBR,1929,57.62,
United Kingdom,GBR,1933,60.58,
United Kingdom,GBR,1938,63.23,
United Kingdom,GBR,1950,68.63,
United Kingdom,GBR,1955,70.13,
United Kingdom,GBR,1960,71.02,
United Kingdom,GBR,1965,71.52,
United Kingdom,GBR,1970,71.88,
United Kingdom,GBR,1975,72.65,
United Kingdom,GBR,1980,73.59,
United Kingdom,GBR,1985,74.54,
United Kingdom,GBR,1990,75.7359,
United Kingdom,GBR,1995,76.6164,
United Kingdom,GBR,2000,77.8525,
United Kingdom,GBR,2005,79.1116,
United Kingdom,GBR,2010,80.4008,
United Kingdom,GBR,2015,80.9238,
United Kingdom,GBR,2020,80.4345,
United States,USA,1870,43.975,
United States,USA,1880,39.42,
United States,USA,1890,45.21,
United States,USA,1900,49.29,
United States,USA,1913,53.5,
United States,USA,1925,58.5,
United States,USA,1929,58.5,
United States,USA,1933,60.9,
United States,USA,1938,62.39,
United States,USA,1950,68.06,
United States,USA,1955,69.56,
United States,USA,1960,69.82,
United States,USA,1965,70.25,
United States,USA,1970,70.74,
United States,USA,1975,72.54,
United States,USA,1980,73.74,
United States,USA,1985,74.66,
United States,USA,1990,75.3699,
United States,USA,1995,75.8536,
United States,USA,2000,76.8114,
United States,USA,2005,77.5573,
United States,USA,2010,78.7724,
United States,USA,2015,78.8694,
United States,USA,2020,77.4144,
Uruguay,URY,1870,40.076897,
Uruguay,URY,1880,41.420258,
Uruguay,URY,1890,45.889614,
Uruguay,URY,1900,49.1,
Uruguay,URY,1913,50.55,
Uruguay,URY,1925,52.86,
Uruguay,URY,1929,54.88,
Uruguay,URY,1933,56.03,
Uruguay,URY,1938,58.54,
Uruguay,URY,1950,66.3,
Uruguay,URY,1955,67.2,
Uruguay,URY,1960,67.95878,
Uruguay,URY,1965,68.55244,
Uruguay,URY,1970,68.75049,
Uruguay,URY,1975,69.30317,
Uruguay,URY,1980,70.284,
Uruguay,URY,1985,71.585,
Uruguay,URY,1990,73.1617,
Uruguay,URY,1995,73.896,
Uruguay,URY,2000,75.0247,
Uruguay,URY,2005,76.1935,
Uruguay,URY,2010,76.858,
Uruguay,URY,2015,77.4827,
Uruguay,URY,2020,78.4298,
Uzbekistan,UZB,1980,65.446,
Uzbekistan,UZB,1985,66.961,
Uzbekistan,UZB,1990,65.3456,
Uzbekistan,UZB,1995,64.6463,
Uzbekistan,UZB,2000,65.7235,
Uzbekistan,UZB,2005,67.4901,
Uzbekistan,UZB,2010,69.2354,
Uzbekistan,UZB,2015,70.4753,
Uzbekistan,UZB,2020,70.3309,
Venezuela,VEN,1870,25,
Venezuela,VEN,1880,25.634453,
Venezuela,VEN,1890,26.55898,
Venezuela,VEN,1900,28,
Venezuela,VEN,1913,29.083252,
Venezuela,VEN,1925,30.811512,
Venezuela,VEN,1929,31.185307,
Venezuela,VEN,1933,31.925165,
Venezuela,VEN,1938,34.843044,
Venezuela,VEN,1950,55.2,
Venezuela,VEN,1955,58.1,
Venezuela,VEN,1960,59.82976,
Venezuela,VEN,1965,62.64927,
Venezuela,VEN,1970,65.11658,
Venezuela,VEN,1975,67.01952,
Venezuela,VEN,1980,68.219,
Venezuela,VEN,1985,69.661,
Venezuela,VEN,1990,71.5319,
Venezuela,VEN,1995,72.1429,
Venezuela,VEN,2000,72.4775,
Venezuela,VEN,2005,72.7825,
Venezuela,VEN,2010,72.8901,
Venezuela,VEN,2015,73.0064,
Venezuela,VEN,2020,71.0949,
Vietnam,VNM,1870,25,
Vietnam,VNM,1880,25,
Vietnam,VNM,1890,25,
Vietnam,VNM,1900,25,
Vietnam,VNM,1913,25,
Vietnam,VNM,1925,25,
Vietnam,VNM,1929,25,
Vietnam,VNM,1933,27.5,
Vietnam,VNM,1938,32.5,
Vietnam,VNM,1950,40.45,
Vietnam,VNM,1955,42.95,
Vietnam,VNM,1960,44.40536,
Vietnam,VNM,1965,46.89805,
Vietnam,VNM,1970,50.55854,
Vietnam,VNM,1975,55.91658,
Vietnam,VNM,1980,57.448,
Vietnam,VNM,1985,60.797,
Vietnam,VNM,1990,69.2127,
Vietnam,VNM,1995,71.3837,
Vietnam,VNM,2000,72.462,
Vietnam,VNM,2005,73.2714,
Vietnam,VNM,2010,73.5126,
Vietnam,VNM,2015,73.8763,
Vietnam,VNM,2020,75.3779,
Western Europe (AHDI),,1870,37.12049,
Western Europe (AHDI),,1880,39.63896,
Western Europe (AHDI),,1890,42.248688,
Western Europe (AHDI),,1900,45.037857,
Western Europe (AHDI),,1913,50.050896,
Western Europe (AHDI),,1925,55.006912,
Western Europe (AHDI),,1929,55.870056,
Western Europe (AHDI),,1933,58.491756,
Western Europe (AHDI),,1938,59.386482,
Western Europe (AHDI),,1950,66.60407,
Western Europe (AHDI),,1955,68.73475,
Western Europe (AHDI),,1960,69.90545,
Western Europe (AHDI),,1965,70.96875,
Western Europe (AHDI),,1970,71.66559,
Western Europe (AHDI),,1975,72.63024,
Western Europe (AHDI),,1980,74.01017,
Western Europe (AHDI),,1985,75.1652,
Western Europe (AHDI),,1990,76.25567,
Western Europe (AHDI),,1995,77.30358,
Western Europe (AHDI),,2000,78.56212,
Western Europe (AHDI),,2005,79.82627,
Western Europe (AHDI),,2010,80.98479,
Western Europe (AHDI),,2015,81.60205,
Western Europe (AHDI),,2020,81.64446,
Western offshoots (AHDI),,1870,44.064034,"United States, Canada, Australia and New Zealand"
Western offshoots (AHDI),,1880,40.31903,"United States, Canada, Australia and New Zealand"
Western offshoots (AHDI),,1890,45.553425,"United States, Canada, Australia and New Zealand"
Western offshoots (AHDI),,1900,49.578804,"United States, Canada, Australia and New Zealand"
Western offshoots (AHDI),,1913,53.787777,"United States, Canada, Australia and New Zealand"
Western offshoots (AHDI),,1925,58.822525,"United States, Canada, Australia and New Zealand"
Western offshoots (AHDI),,1929,58.73984,"United States, Canada, Australia and New Zealand"
Western offshoots (AHDI),,1933,61.25824,"United States, Canada, Australia and New Zealand"
Western offshoots (AHDI),,1938,62.64669,"United States, Canada, Australia and New Zealand"
Western offshoots (AHDI),,1950,68.12882,"United States, Canada, Australia and New Zealand"
Western offshoots (AHDI),,1955,69.63498,"United States, Canada, Australia and New Zealand"
Western offshoots (AHDI),,1960,69.98515,"United States, Canada, Australia and New Zealand"
Western offshoots (AHDI),,1965,70.418,"United States, Canada, Australia and New Zealand"
Western offshoots (AHDI),,1970,70.90591,"United States, Canada, Australia and New Zealand"
Western offshoots (AHDI),,1975,72.631165,"United States, Canada, Australia and New Zealand"
Western offshoots (AHDI),,1980,73.89616,"United States, Canada, Australia and New Zealand"
Western offshoots (AHDI),,1985,74.84828,"United States, Canada, Australia and New Zealand"
Western offshoots (AHDI),,1990,75.65818,"United States, Canada, Australia and New Zealand"
Western offshoots (AHDI),,1995,76.20157,"United States, Canada, Australia and New Zealand"
Western offshoots (AHDI),,2000,77.21493,"United States, Canada, Australia and New Zealand"
Western offshoots (AHDI),,2005,78.02851,"United States, Canada, Australia and New Zealand"
Western offshoots (AHDI),,2010,79.232216,"United States, Canada, Australia and New Zealand"
Western offshoots (AHDI),,2015,79.4243,"United States, Canada, Australia and New Zealand"
Western offshoots (AHDI),,2020,78.36578,"United States, Canada, Australia and New Zealand"
World,OWID_WRL,1870,28.567621,
World,OWID_WRL,1880,29.187908,
World,OWID_WRL,1890,30.050877,
World,OWID_WRL,1900,31.295704,
World,OWID_WRL,1913,33.096073,
World,OWID_WRL,1925,36.13105,
World,OWID_WRL,1929,38.87635,
World,OWID_WRL,1933,40.570107,
World,OWID_WRL,1938,42.08462,
World,OWID_WRL,1950,49.14183,
World,OWID_WRL,1955,51.759613,
World,OWID_WRL,1960,51.25074,
World,OWID_WRL,1965,56.67283,
World,OWID_WRL,1970,59.176285,
World,OWID_WRL,1975,61.027657,
World,OWID_WRL,1980,62.67871,
World,OWID_WRL,1985,63.941257,
World,OWID_WRL,1990,65.244446,
World,OWID_WRL,1995,66.32541,
World,OWID_WRL,2000,67.81385,
World,OWID_WRL,2005,69.31638,
World,OWID_WRL,2010,70.808495,
World,OWID_WRL,2015,72.236664,
World,OWID_WRL,2020,72.37816,
Yemen,YEM,1870,25,
Yemen,YEM,1880,25,
Yemen,YEM,1890,25,
Yemen,YEM,1900,25,
Yemen,YEM,1913,26,
Yemen,YEM,1925,26,
Yemen,YEM,1929,26,
Yemen,YEM,1933,26,
Yemen,YEM,1938,26,
Yemen,YEM,1950,32.15,
Yemen,YEM,1955,34.6,
Yemen,YEM,1960,36.31561,
Yemen,YEM,1965,38.56439,
Yemen,YEM,1970,41.3439,
Yemen,YEM,1975,45.04195,
Yemen,YEM,1980,46.683,
Yemen,YEM,1985,51.19,
Yemen,YEM,1990,58.6994,
Yemen,YEM,1995,60.4532,
Yemen,YEM,2000,62.588,
Yemen,YEM,2005,65.543,
Yemen,YEM,2010,67.28,
Yemen,YEM,2015,65.8734,
Yemen,YEM,2020,64.6501,
Zambia,ZMB,1870,25,
Zambia,ZMB,1880,25,
Zambia,ZMB,1890,25,
Zambia,ZMB,1900,25,
Zambia,ZMB,1913,25,
Zambia,ZMB,1925,25,
Zambia,ZMB,1929,28.870317,
Zambia,ZMB,1933,33.3819,
Zambia,ZMB,1938,36,
Zambia,ZMB,1950,37.85,
Zambia,ZMB,1955,40.35,
Zambia,ZMB,1960,41.78146,
Zambia,ZMB,1965,44.26097,
Zambia,ZMB,1970,46.49024,
Zambia,ZMB,1975,48.50976,
Zambia,ZMB,1980,51.927,
Zambia,ZMB,1985,52.103,
Zambia,ZMB,1990,47.9263,
Zambia,ZMB,1995,45.5534,
Zambia,ZMB,2000,45.2312,
Zambia,ZMB,2005,50.6591,
Zambia,ZMB,2010,56.7991,
Zambia,ZMB,2015,61.2078,
Zambia,ZMB,2020,62.3803,
Zimbabwe,ZWE,1870,25,
Zimbabwe,ZWE,1880,25,
Zimbabwe,ZWE,1890,25,
Zimbabwe,ZWE,1900,25,
Zimbabwe,ZWE,1913,25,
Zimbabwe,ZWE,1925,25,
Zimbabwe,ZWE,1929,26.4,
Zimbabwe,ZWE,1933,26.4,
Zimbabwe,ZWE,1938,29.367147,
Zimbabwe,ZWE,1950,41.5,
Zimbabwe,ZWE,1955,44,
Zimbabwe,ZWE,1960,45.46098,
Zimbabwe,ZWE,1965,47.99024,
Zimbabwe,ZWE,1970,50.50829,
Zimbabwe,ZWE,1975,52.85659,
Zimbabwe,ZWE,1980,58.958,
Zimbabwe,ZWE,1985,61.262,
Zimbabwe,ZWE,1990,59.4264,
Zimbabwe,ZWE,1995,50.531,
Zimbabwe,ZWE,2000,44.6864,
Zimbabwe,ZWE,2005,44.7677,
Zimbabwe,ZWE,2010,50.6523,
Zimbabwe,ZWE,2015,59.5911,
Zimbabwe,ZWE,2020,61.1242,